,NASDAQ,USD-GBP,USD-JPY,USD-CAD,Bitcoin
2018-01-01,,0.9574983805976802,1.0303122381700123,0.9511107966287385,0.5066856352078225
2018-01-02,0.8011470514025338,0.9578348567323519,1.0312632671975805,0.9491602766163602,0.46187851404536373
2018-01-03,0.8107516898326996,0.9518558100394279,1.0264531436374857,0.9452971781396887,0.45522706089291826
2018-01-04,0.8215046284299455,0.9578348567323519,1.029772710074481,0.9485479847453581,0.4436071700567519
2018-01-05,0.8269332678478332,0.9548971315803952,1.031382154547223,0.9442689711988198,0.39702300669903484
2018-01-08,0.8347630867855214,0.9532793925853622,1.0347749092646026,0.9369282279299451,0.4561543381205337
2018-01-09,0.8369554265301897,0.9536029866671933,1.03465602191496,0.93854601588643,0.47411568341823884
2018-01-10,0.8480216247901343,0.9563465553700514,1.031126100220235,0.9429762548906576,0.4621497440190383
2018-01-11,0.8399829660773136,0.9577313374813823,1.0191372459210473,0.9473156504733411,0.5161880491973476
2018-01-12,0.8501095446472363,0.9556736031007081,1.0177655063780187,0.9464386689901616,0.49496534849872004
2018-01-15,0.8501095446472363,0.9423696051761735,1.0159914057168042,0.9420085201083761,0.5007241141751585
2018-01-16,0.8395653661760858,0.9379177374181943,1.0112452608536708,0.9392944827673062,0.6022288227731325
2018-01-17,0.8399829660773136,0.93787885984555,1.0094803000063082,0.9393473846407648,0.618478856473432
2018-01-18,0.8334059468433088,0.9358988034721234,1.01851538973128,0.9402772679974031,0.6030474468945312
2018-01-19,0.8359114666016386,0.9314080581415,1.0153147106439273,0.938296556966952,0.5961635324856432
2018-01-22,0.841757705920754,0.9316151737814801,1.0121871500673878,0.9439514698356258,0.6330307196609981
2018-01-23,0.8373730264314175,0.9254031702048541,1.0147660427345444,0.9413735173819879,0.6367003549684598
2018-01-24,0.8473951851137741,0.9232548757640917,1.0069106169225746,0.938523395153486,0.6091791978401326
2018-01-25,0.8474996050013403,0.9100415150376862,0.9997684454388882,0.9338512675149091,0.6145898506452168
2018-01-26,0.849378764732347,0.9145840199937945,1.0032252486228004,0.9356278512142122,0.6194310564478396
2018-01-29,0.8524063042794708,0.9146486616721197,0.9934859746138254,0.9308650603989752,0.6125768479391684
2018-01-30,0.8544942241365729,0.9193723638864453,0.9961105663502403,0.9324677979076449,0.6847127931132964
2018-01-31,0.8446809052293488,0.9142216254773599,0.994336465689026,0.9326114530802055,0.6770219858961463
2018-02-01,0.8494831846199131,0.9113486191417695,0.9986253407812928,0.9300335006265678,0.7545803655374782
2018-02-02,0.8387301663736302,0.9071166719385699,1.0005000491644462,0.9269036383380731,0.7836156172951614
2018-02-05,0.8087681102141268,0.9171075910038319,1.0062522014774007,0.9398614430499783,0.9949165554294237
2018-02-06,0.8113780498600228,0.9281338568548716,0.9976560321260212,0.9477163348505085,0.8924311996814107
2018-02-07,0.8066801107079876,0.927137387641738,1.0025210643387972,0.9453273691577614,0.9079699029439761
2018-02-08,0.7851742335134957,0.9324434049272778,0.9985796417120347,0.949916313782365,0.8371951425365628
2018-02-09,0.7945700321685291,0.9287162490641268,0.9924800369335758,0.951851693224486,0.7920254079955251
2018-02-12,0.8097076502551115,0.9359376810447678,0.9949583218787933,0.9515795234496219,0.7752038126354608
2018-02-13,0.8195210488113727,0.9342552232333685,0.9939523841985437,0.9508234862836171,0.804798844390789
2018-02-14,0.8326751669284194,0.9319257315343888,0.9854842420106582,0.9517307489073114,0.7288237892310133
2018-02-15,0.839147766274858,0.9233583950150612,0.9747207506937304,0.9437322019342205,0.6806646341484957
2018-02-16,0.8249496882292603,0.917573504771236,0.9703678271349309,0.9436415387575604,0.676175720182851
2018-02-19,0.8249496882292603,0.9223230482292835,0.9717395666779595,0.9492963615037922,0.6164568412993519
2018-02-20,0.8226530082460628,0.9248854968119651,0.9758364359097709,0.9500675392400544,0.6068125942235374
2018-02-21,0.8259937278068483,0.9243290229844728,0.9819817397574879,0.9561155662007669,0.6473016858700733
2018-02-22,0.8163890893766825,0.9303727884937631,0.9835729743720982,0.9599484736593656,0.6916451432442327
2018-02-23,0.840191805852446,0.9275126642110131,0.9767966745207624,0.9610294923512511,0.6717642429537036
2018-02-26,0.8525107241670371,0.9265161178598386,0.9791742819744692,0.9562289402328129,0.6675133789816607
2018-02-27,0.8528239041806986,0.9266197142488491,0.9791285829052111,0.9589126964333681,0.6451772608637202
2018-02-28,0.8430105056244375,0.9306445458120685,0.9823933104590964,0.96549749265868,0.6655107481661967
2018-03-01,0.831004767323508,0.9409201813865173,0.9752054399061519,0.9701771905823856,0.6318979682320525
2018-03-02,0.8413401060195262,0.9394706804588201,0.9708433765335008,0.9701091481386696,0.6241801739597902
2018-03-05,0.8536590243341172,0.938137735111015,0.9652924396644248,0.9743427399744358,0.5979205106110094
2018-03-06,0.8760001809801019,0.9342552232333685,0.9716389589560203,0.9812827988661431,0.6419269822391499
2018-03-07,0.8764177012322927,0.9310457407631064,0.9651187134316725,0.978939254884168,0.6943820132848864
2018-03-08,0.8859179197748922,0.9306315866211871,0.9710536620216594,0.9757110690114427,0.7365519050448763
2018-03-09,0.9033522974937092,0.9374130232161868,0.9730655373821586,0.9749475516827512,0.7410844715791448
2018-03-12,0.8966708583721382,0.9340481847314294,0.9775007890351942,0.9686046440917886,0.7517459695159432
2018-03-13,0.8899894192505672,0.9305410265610989,0.9717304268641079,0.9708650951822324,0.7525853877674936
2018-03-14,0.8808024603706662,0.9262314013506517,0.9739983565515953,0.9795515467551701,0.8367681831571754
2018-03-15,0.8777749208235424,0.9262832381141775,0.9707701882531165,0.9791735732333887,0.8336375840661904
2018-03-16,0.8766265410074251,0.9284703329895433,0.9721784870515515,0.9867109636707249,0.82988975678748
2018-03-19,0.8729726414329779,0.928146816045753,0.9690692758722865,0.9897576429452462,0.801783192028948
2018-03-20,0.8785057007384317,0.9227372023712027,0.9693161903854232,0.988895802032324,0.7763435122241181
2018-03-21,0.879132060765755,0.9240831069098894,0.9736416945026678,0.9884270752114405,0.7749685318359469
2018-03-22,0.8562689639800134,0.9148428181212184,0.9687034740095075,0.9750307346967245,0.7927976607031956
2018-03-23,0.8426973256107759,0.9168875933110112,0.9599152987976723,0.9775935465801051,0.77930247163063
2018-03-26,0.8717198417292945,0.9088896898100572,0.9647803310104484,0.9704115089316063,0.8834263846950091
2018-03-27,0.8552250040514623,0.9129015621823953,0.9647162825439156,0.9736169839489456,0.8699387983189397
2018-03-28,0.8716154218417282,0.9191265249499028,0.9767783251234877,0.9766712335085955,0.9656992417476998
2018-03-29,0.9001159978204899,0.9224654450528973,0.973733092641184,0.9742595569604624,1.0042653546705393
2018-03-30,0.9001159978204899,0.9224654450528973,0.973733092641184,0.9742595569604624,1.0042653546705393
2018-04-02,0.8929125389101248,0.9213265790161499,0.967514670282654,0.9768299391289715,0.9280861343830025
2018-04-03,0.9046050971973927,0.9198900372793342,0.9733398713368501,0.9681510578411625,1.0096400079524794
2018-04-04,0.9001159978204899,0.9186217336098543,0.9764308726579832,0.9642425376537191,1.015920540144082
2018-04-05,0.9010555378614747,0.9238243087824654,0.9789731363001621,0.9653538374861194,1.0427330856797796
2018-04-06,0.8894673994617731,0.9238243087824654,0.9789731363001621,0.9653538374861194,1.0427330856797796
2018-04-09,0.890407019151795,0.9153604915141074,0.9762022377725499,0.9602735453076884,1.0124584433462707
2018-04-10,0.8972972183994614,0.9125262856131202,0.9795309440233967,0.9520633908407627,0.9930529381571775
2018-04-11,0.8952092985423593,0.912086290227479,0.976933841498108,0.9500675392400544,0.8771320568819498
2018-04-12,0.904291917183731,0.9089414494355421,0.9805277418897946,0.9517156083370539,0.8763860863436238
2018-04-13,0.897088458273366,0.9089414494355421,0.9805277418897946,0.9517156083370539,0.8763860863436238
2018-04-16,0.89761047806216,0.9023541692896411,0.978918227647481,0.9499919265112097,0.8757064757654432
2018-04-17,0.8967752782597044,0.9052271756252315,0.9786438936927895,0.9494098256582802,0.8476732694757517
2018-04-18,0.8941653386138083,0.9111027030671859,0.9816617067335383,0.9545278791399125,0.8342963501652358
2018-04-19,0.9076326367445166,0.9187253299988648,0.9824481493422061,0.9574687546675165,0.7822794056242223
2018-04-20,0.9126436762611764,0.9187253299988648,0.9824481493422061,0.9574687546675165,0.7822794056242223
2018-04-23,0.9077369769830458,0.9284962513713061,0.9946016598298659,0.9710087503547931,0.7135771100722743
2018-04-24,0.9004291778341516,0.9248078959427585,0.9949857413203482,0.9692926388140775,0.7822877132064863
2018-04-25,0.9165064156107559,0.9284315325549399,1.000115967673964,0.9704039386464777,0.7455588850375651
2018-04-26,0.9203691549603354,0.9297515958499046,0.9995307405091746,0.9729970316703728,0.769986852369587
2018-04-27,0.9270505940819065,0.9297515958499046,0.9995307405091746,0.9729970316703728,0.769986852369587
2018-04-30,0.9220394749162096,0.9396907552896817,0.9997410259973333,0.9700561561427689,0.7588444209431766
2018-05-01,0.9292429338265747,0.9509370188335421,1.0047615745847296,0.9710995036538951,0.7492388922356108
2018-05-02,0.9177592153144394,0.9534217894089762,1.0043500736526925,0.973881583438681,0.7101815242815586
2018-05-03,0.8979236580758216,0.9535253086599457,0.9976651719398728,0.9715077583161912,0.7133369957703523
2018-05-04,0.915566795920734,0.9535253086599457,0.9976651719398728,0.9715077583161912,0.7133369957703523
2018-05-07,0.9255890342521276,0.9536676283455187,0.9962660129552893,0.9736547452521469,0.7493281609832115
2018-05-08,0.9224570748174374,0.9548583311457919,0.9970067564946989,0.9785687615250732,0.7420670823395369
2018-05-09,0.9405178125635777,0.9554795237896504,1.0045329396992964,0.9714397158724752,0.7651436326076274
2018-05-10,0.9434410118721724,0.9569807072047913,1.0007743831191378,0.9653992591968913,0.8197500253658457
2018-05-11,0.9452157517156129,0.9569807072047913,1.0007743831191378,0.9653992591968913,0.8197500253658457
2018-05-14,0.943754191885834,0.9542241793110519,1.003472163135937,0.9676823310202791,0.8131145328411439
2018-05-15,0.9390562527337989,0.9586242874435462,1.008648088558811,0.9731331165578049,0.8268671562659273
2018-05-16,0.9420837922809228,0.9552206485241854,1.0092151058654684,0.9663215722684009,0.8549094253726343
2018-05-17,0.9455289317292744,0.9575501402231651,1.0135040507273065,0.9703661773432763,0.8386787760309508
2018-05-18,0.9403090524374823,0.9575501402231651,1.0135040507273065,0.9703661773432763,0.8386787760309508
2018-05-21,0.9522103708508455,0.9635032685343262,1.014875720500764,0.9658604157326461,0.8604951415930638
2018-05-22,0.9553423302855356,0.9628432754558643,1.01257123155787,0.96889195443691,0.9155963641603175
2018-05-23,0.9593094098736443,0.9678646533702582,1.0047341551431748,0.9702528033112303,0.9120339721875369
2018-05-24,0.9668260487976711,0.9669845854609347,0.9996404182753941,0.9739571961675256,0.9251042661890352
2018-05-25,0.9686007886411114,0.9669845854609347,0.9996404182753941,0.9739571961675256,0.9251042661890352
2018-05-28,0.9686007886411114,0.9719153261771994,1.0003446025593974,0.9821749209195799,0.9260391461131467
2018-05-29,0.9625457095468637,0.9764448719424262,0.9912454643678928,0.9850703747364119,0.9343002059164929
2018-05-30,0.975491067537815,0.9742577770670605,0.9941535298728508,0.9747207134962171,0.9233729660452125
2018-05-31,0.9589962298599828,0.9738306637342597,0.994491912294075,0.9785763318102019,0.9175837392338059
2018-06-01,0.9613973297307464,0.9738306637342597,0.994491912294075,0.9785763318102019,0.9175837392338059
2018-06-04,0.9720459280894632,0.9718506073608332,1.0055937162626556,0.9770567773155057,0.9064876288721404
2018-06-05,0.9740295077080361,0.9653539644130612,1.004642687235087,0.9781907880032918,0.9040933333146651
2018-06-06,0.990419925498302,0.9642409396200358,1.0070752033414752,0.9787048464125053,0.9012368340894095
2018-06-07,0.9941782449603154,0.9644091776873716,1.0031337807147127,0.9814415946089612,0.9075388149479483
2018-06-08,0.9931342053827273,0.9644091776873716,1.0031337807147127,0.9814415946089612,0.9075388149479483
2018-06-11,0.992925445256632,0.9676445785393966,1.009462020378605,0.9818347087009999,1.051281235386577
2018-06-12,0.9951177850013002,0.9677740161721291,1.010065596940669,0.9840044064923417,1.0897670920298477
2018-06-13,0.995013365113734,0.9670363450864196,1.0081451197186861,0.980783881027187,1.0366366293715543
2018-06-14,0.989375885920714,0.9762378334404871,1.0118304880184603,0.9915795582328791,1.0717614899757177
2018-06-15,0.9909418656380591,0.9762378334404871,1.0118304880184603,0.9915795582328791,1.0717614899757177
2018-06-18,0.9835296466015986,0.9760825545640327,1.0071940906911176,0.9987691661665066,1.0221526366136362
2018-06-19,0.9812328869693642,0.9824109594444689,1.006581374315202,1.0038797394854522,1.0211554246480528
2018-06-20,0.9801889270408131,0.9822686397588959,1.0091510573989357,1.005981394833078,1.02825805504091
2018-06-21,0.982694446799143,0.9768849444661085,1.0054931783102878,1.0067979041576702,1.1374528156212826
2018-06-22,0.9771613874936892,0.9768849444661085,1.0054931783102878,1.0067979041576702,1.1374528156212826
2018-06-25,0.9591006497475489,0.9746330536363356,1.0026673711299945,1.005300970395918,1.1355900039327713
2018-06-26,0.9568038901153145,0.9788650008395351,1.0068191490144869,1.0056034213112965,1.1238856778514124
2018-06-27,0.9512708308098607,0.9863711493293629,1.0078982052055494,1.0077050766589224,1.172183242289347
2018-06-28,0.9557599301867634,0.9897877474396052,1.010376490150767,1.0020955855010205,1.1128304508642826
2018-06-29,0.9528367308781687,0.9897877474396052,1.010376490150767,1.0020955855010205,1.1128304508642826
2018-07-02,0.9570126502414099,0.9845981314578756,1.0138972720316406,0.9969698716118175,1.0597775256404536
2018-07-03,0.9410398323523718,0.9808450572129616,1.009663166052912,0.9935376485303862,1.0488606576597572
2018-07-04,0.9410398323523718,0.978256767386558,1.0105227969419643,0.9933183806289808,1.0422902160216319
2018-07-05,0.9430234119709446,0.978515565513982,1.0112269812259675,0.9930839721573181,1.0369238199729724
2018-07-06,0.9407266523387101,0.978515565513982,1.0112269812259675,0.9930839721573181,1.0369238199729724
2018-07-09,0.9518971908371839,0.9763155114477348,1.014647155384902,0.9911411125525104,1.093201396188812
2018-07-10,0.9475125113478474,0.9761860738150023,1.0135314701688616,0.9936131711367888,1.08213096380869
2018-07-11,0.9539851106942859,0.9796803499324923,1.0238376917149226,0.9984516648033125,1.1109523330848121
2018-07-12,0.9747602876229255,0.9818804039987394,1.0303030983561605,0.9952915213743032,1.1093068276087341
2018-07-13,0.9720459280894632,0.9818804039987394,1.0303030983561605,0.9952915213743032,1.1093068276087341
2018-07-16,0.9801889270408131,0.9777261348027876,1.0276419473643392,0.9931066830127041,0.9452087159659416
2018-07-17,0.9860351663599285,0.9874452965497441,1.0334763580019584,0.9981794950284484,0.9388306074444743
2018-07-18,0.9979364847732917,0.9895547905559031,1.0314553428276074,0.9954956487054513,0.9267498723630799
2018-07-19,0.9917770654405147,0.9937478601864583,1.0275413396424,1.0024584184525447,0.9409557373365952
2018-07-20,0.9917770654405147,0.9937478601864583,1.0275413396424,1.0024584184525447,0.9409557373365952
2018-07-23,0.9971013646198731,0.9877040946771681,1.0192835527122446,0.9955788317194246,0.8214260423258751
2018-07-24,0.9941782449603154,0.9839898980048984,1.017280817165597,0.9941650809716457,0.8458110619750413
2018-07-25,0.9824856866730476,0.9804568214528051,1.0136594973323556,0.9856071440010113,0.8702563997063425
2018-07-26,0.9819636668842535,0.9872511401006454,1.0164121162322646,0.9880188205491445,0.847507822716239
2018-07-27,0.9988761044633135,0.9872511401006454,1.0164121162322646,0.9880188205491445,0.847507822716239
2018-07-30,0.96578208886912,0.9852452424834969,1.0150220970615327,0.9849192394011645,0.8893982776182573
2018-07-31,0.9541939504694184,0.9862805121312338,1.022465952171894,0.9841632022351596,0.907540224719484
2018-08-01,0.9540895305818522,0.9859440359965621,1.0207467601633609,0.9826889793287934,0.9144670364622444
2018-08-02,0.9578478500438655,0.9941231367557334,1.0213868959808314,0.9846545497889871,0.9307973264421128
2018-08-03,0.9551334905104032,0.9941231367557334,1.0213868959808314,0.9846545497889871,0.9307973264421128
2018-08-06,0.9598314296624384,0.9997397889322228,1.0181861471239073,0.9828779660896841,1.0246983819132338
2018-08-07,0.9745514478477931,0.9996104284375313,1.0182319159627369,0.9872476428128822,1.0973886190458142
2018-08-08,0.9704799483721182,1.004657647595647,1.014089277892096,0.9842388149640043,1.0535427103257946
2018-08-09,0.9690183885423393,1.0088247988444394,1.0159091473921398,0.9862648575827854,1.1188742421358522
2018-08-10,0.9617105893934451,1.0088247988444394,1.0159091473921398,0.9862648575827854,1.1188742421358522
2018-08-13,0.9604577896897616,1.014014414826169,1.011976864579229,0.9927967519346387,1.1161671786933822
2018-08-14,0.966304029008877,1.017599251003747,1.0173265860044265,0.9870360353190476,1.0969153386016819
2018-08-15,0.9615017496183126,1.0195145885608075,1.0111994920148413,0.9936434522773036,1.092376579142453
2018-08-16,0.9676612486001267,1.017858049131171,1.015113495200049,0.9948606459790631,1.051557349211643
2018-08-17,0.9713151481745738,1.017858049131171,1.015113495200049,0.9948606459790631,1.051557349211643
2018-08-20,0.9725679478782573,1.0107272543486592,1.0054565492853098,0.9859397859344627,1.0664462484942114
2018-08-21,0.9659908489952154,1.0027940696640716,1.007157531435711,0.9853954463847346,1.0851853345387796
2018-08-22,0.9694359884435672,1.0028587113423968,1.0113092395506322,0.9833845443362108,1.0589194782650382
2018-08-23,0.9741338479465653,1.0102225401466518,1.0184330616370438,0.9904682584004789,1.0297548296199701
2018-08-24,0.9889583656685232,1.0102225401466518,1.0184330616370438,0.9904682584004789,1.0297548296199701
2018-08-27,0.9919858255666101,1.0034799811242963,1.0163297881380284,0.9800278438611822,0.9751463222044481
2018-08-28,0.9928210253690657,1.0057447540069098,1.0165584230234619,0.9774726022629304,0.9819430321740554
2018-08-29,0.9902110857231696,0.9927642730261653,1.0215880416551384,0.9755599336761953,0.9916426631316301
2018-08-30,0.9865571861487226,0.9946667285303852,1.0150677961307908,0.9817363851167692,0.9832799990797458
2018-08-31,0.9963705847049836,0.9946667285303852,1.0150677961307908,0.9817363851167692,0.9832799990797458
2018-09-03,0.9963705847049836,1.0056411576178992,1.0158816581810135,0.9899617702763942,0.9399931654716035
2018-09-04,1.0099422230742212,1.0064694659017377,1.0192926925260961,0.995979516096592,1.0187078598661208
2018-09-05,0.9865571861487226,1.0020692806312024,1.0191829449903054,0.9959870863817206,1.0598453960701013
2018-09-06,0.9717327480758016,1.0012540086762862,1.010458818245003,0.9945052931902257,1.0700224360884487
2018-09-07,0.972463527990691,1.0012540086762862,1.010458818245003,0.9945052931902257,1.0700224360884487
2018-09-10,0.9750734676365871,0.9934889849209934,1.0164303958599679,0.9950723435953398,1.0947147859324002
2018-09-11,0.9788317870986004,0.9943172932048321,1.0206278728137184,0.987527382872875,1.0894411327111975
2018-09-12,0.9554466705240648,0.9920395611313372,1.0170888113051415,0.9828023533608394,1.061773963530957
2018-09-13,0.9588918099724165,0.9870570607895877,1.0243315207411958,0.9832106080231355,1.0625240626859234
2018-09-14,0.9471993313341858,0.9870570607895877,1.0243315207411958,0.9832106080231355,1.0625240626859234
2018-09-17,0.930391313642692,0.9844298933905398,1.0213868959808314,0.9876029956017197,1.0861064188414344
2018-09-18,0.9405178125635777,0.9827733539609034,1.0267548970337321,0.9806553664248837,1.0814832744859966
2018-09-19,0.9392650925089313,0.9848181291506961,1.0271206988965111,0.9766107613500082,1.0613899014854422
2018-09-20,0.9380122928052478,0.9751896046018688,1.028748492766528,0.9759076260574621,1.0274629438947676
2018-09-21,0.945320171603179,0.9751896046018688,1.028748492766528,0.9759076260574621,1.0274629438947676
2018-09-24,0.9384298927064756,0.9866041062130649,1.0314096437583493,0.9789241143139107,1.0734422397401886
2018-09-25,0.9153580357946386,0.9819192044333428,1.0330831366976243,0.9795666873254274,1.0654214452857147
2018-09-26,0.8969840383857998,0.9824498370171132,1.030659760405088,0.9855769529829387,1.0364194238570876
2018-09-27,0.9025170976912535,0.9895159129832588,1.0366313380200527,0.9855542421275526,1.0415075914233773
2018-09-28,0.8957313183311534,0.9895159129832588,1.0366313380200527,0.9855542421275526,1.0415075914233773
2018-10-01,0.9096161367140524,0.9921818808169102,1.042017618700657,0.9685970738066599,1.0554920215678187
2018-10-02,0.8969840383857998,0.9968926238403543,1.0386432133805519,0.9691112223383154,1.0641779260932487
2018-10-03,0.8953137184299256,1.0000762650668944,1.0469558391938172,0.9735791325233023,1.0521878191820073
2018-10-04,0.8960444983448149,0.9936572229883293,1.041542069302087,0.9767544165225689,1.044912189682125
2018-10-05,0.8929125389101248,0.9936572229883293,1.041542069302087,0.9767544165225689,1.044912189682125
2018-10-08,0.8867531195773478,0.9884288065719962,1.0342536607967745,0.979324798691078,1.0417415128003389
2018-10-09,0.8816375805240848,0.983627503488464,1.0333483308384641,0.9781151752744471,1.0507754294991565
2018-10-10,0.8557470238402564,0.9799261888690348,1.0250631244667538,0.9866504013896955,1.106081471730956
2018-10-11,0.8315267871123021,0.9778943728701235,1.0249533769309631,0.9851611280355139,1.102848462807698
2018-10-12,0.8353894468128447,0.9778943728701235,1.0249533769309631,0.9851611280355139,1.102848462807698
2018-10-15,0.8352851065743154,0.9837957415557997,1.0227677753377116,0.9822958652367546,1.0490897455343107
2018-10-16,0.8553294239390286,0.981375689796732,1.0273493337819446,0.9779337587986852,1.0573742679639297
2018-10-17,0.841757705920754,0.9875747341824765,1.0299647159349363,0.9846924012146304,1.0684301998368273
2018-10-18,0.8347630867855214,0.9936572229883293,1.0259135457723831,0.9887672874300206,1.070297140141979
2018-10-19,0.8426973256107759,0.9936572229883293,1.0259135457723831,0.9887672874300206,1.070297140141979
2018-10-22,0.8457248651578998,0.9981221270752307,1.0311444496175095,0.9901356164670275,1.068590007510197
2018-10-23,0.8524063042794708,0.99694446060388,1.0282820831818098,0.9889032821950106,1.0652836904670822
2018-10-24,0.8507359046745595,1.0041399742027581,1.0243315207411958,0.9863933721850888,1.0684993793400441
2018-10-25,0.8726593817702794,1.0091224745445075,1.0274224522927575,0.9881473351514478,1.0687533396124063
2018-10-26,0.8718242616168608,1.0091224745445075,1.0274224522927575,0.9881473351514478,1.0687533396124063
2018-10-29,0.8777749208235424,1.0086177603425002,1.0233804219440559,0.9900222424349815,1.0927391925210317
2018-10-30,0.8960444983448149,1.0108695740342322,1.0271846775934725,0.992539722730032,1.092456130536254
2018-10-31,0.9052314572247159,1.018311003707694,1.0338421598647374,0.9914208526125031,1.0953368979715172
2018-11-01,0.9082589967718397,1.0134837822423988,1.0320040107369903,0.9947094205213738,1.0850033733127058
2018-11-02,0.9082589967718397,0.9952232023578774,1.0307602983574558,0.989621558057814,1.083192421077115
2018-11-05,0.9266329941806787,0.9950808055342635,1.0346377422872568,0.9904153565270203,1.0779250111298562
2018-11-06,0.935506773046918,0.991081892352807,1.0356162605259516,0.991057929538537,1.0710265962137437
2018-11-07,0.9475125113478474,0.9869664235914586,1.0366861769031626,0.9915946988031364,1.0596883072418362
2018-11-08,0.9535675107930581,0.9857628387383449,1.038368809656289,0.9915493672148065,1.0722361801913858
2018-11-09,0.943754191885834,0.9904218221363041,1.0420816671671895,0.9935981206889736,1.0836713406073903
2018-11-12,0.9249625945757673,1.0002445031342302,1.0411031489284948,0.9973856965592423,1.0861119572296105
2018-11-13,0.9254846143645614,1.0065082663363412,1.0397314093854662,1.0010976597006664,1.0881236005131065
2018-11-14,0.8966708583721382,0.9944337716466831,1.040581900460667,0.9997822325371181,1.205905984403277
2018-11-15,0.9195339551578798,0.996569106896564,1.0385243260309096,1.0014756332224477,1.2251904506362323
2018-11-16,0.9264241544055462,1.0137167391261008,1.0384419979366735,0.9958055797835166,1.241117243862986
2018-11-19,0.9290340940514423,1.0084495222751644,1.030897535104373,0.9938778607489662,1.4204917405647344
2018-11-20,0.9127480961487425,1.0063659466507682,1.028272943367958,0.9957753887654439,1.554383080303666
2018-11-21,0.9109733563053021,1.0119178800108914,1.0306506205912365,1.0058604505159032,1.5036193219599348
2018-11-22,0.9109733563053021,1.0128625895985401,1.0335586860961943,0.9998124235551907,1.5849760289103456
2018-11-23,0.9172371955256453,1.0050976429812883,1.033165395022289,0.9972117602461669,1.5918419183831698
2018-11-26,0.9336276133159113,1.0100931025139193,1.0326258669267576,0.9998880362840354,1.831086189871722
2018-11-27,0.9339407933295729,1.0100931025139193,1.0379755883519552,1.0019670708987172,1.811154034316073
2018-11-28,0.9388474926077035,1.0155285574321915,1.0403806850167883,1.0051346944904131,1.6253765566950487
2018-11-29,0.9436497719982678,1.009161274979111,1.0384419979366735,1.0036680418691755,1.6172373414315748
2018-11-30,0.9533587506669627,1.0122931565801665,1.037125167046326,1.0035924291403309,1.722541837459147
2018-12-03,0.9672436486988989,1.0147520859118786,1.040344125761382,1.0021257765190932,1.777010374700766
2018-12-04,0.943754191885834,1.0169521399781258,1.0387346115190683,0.9977485295107663,1.7488242081994496
2018-12-05,0.943754191885834,1.0173792533109265,1.0306139915662584,1.0020804449307632,1.8433461673340854
2018-12-06,0.9384298927064756,1.0168098202925528,1.0338330200508858,1.0100184296228247,1.9652686474327783
2018-12-07,0.9120173162338531,1.0127590703475706,1.0305225934277422,1.0125661910583899,2.023402993459119
2018-12-10,0.9093029567003909,1.0173403757382822,1.0288124714634894,1.007553851201233,1.9756181830683168
2018-12-11,0.9114952964450591,1.0302820562844233,1.035021823777739,1.012883692421584,2.0206549459441465
2018-12-12,0.9133744561760657,1.035911667651794,1.0368782525331894,1.0114094695152176,1.9845170637936063
2018-12-13,0.9084677568979351,1.024781805411744,1.035972922574879,1.0089600316638832,2.088287526994389
2018-12-14,0.9034567173812754,1.022646470161863,1.0384876970059316,1.009035644392728,2.1341387350259935
2018-12-17,0.8899894192505672,1.0282890407201153,1.036933091416299,1.012127745378021,1.9515445215326097
2018-12-18,0.8742253614876244,1.0258301113884032,1.0318028650626834,1.0139723715210402,1.8722402405422638
2018-12-19,0.8666043823250685,1.022646470161863,1.0290136869073678,1.017351692729013,1.847304403014501
2018-12-20,0.8457248651578998,1.0248465242281102,1.0279711899717119,1.0187048811957624,1.6737238659286005
2018-12-21,0.8300652272825233,1.0214558444996307,1.0166406813481266,1.0204815550175075,1.7759101487151085
2018-12-24,0.8012514712901,1.023138225172989,1.0155707649709156,1.0278147280012535,1.6966390980538186
2018-12-25,0.8012514712901,1.0181557248312394,1.008776115722305,1.0287673222132778,1.8136362391985967
2018-12-26,0.8275596278751564,1.0199287427027268,1.0096083271698024,1.0271041125460207,1.7939793918842792
2018-12-27,0.8423841455971143,1.0231511843638703,1.0169607841416475,1.026121327315924,1.8933590209391158
2018-12-28,0.840713745992203,1.0233583000038504,1.0137509652404433,1.0295988819856852,1.7635208750633267
2018-12-31,0.8515711044770152,1.0195405069425703,1.0089499117246286,1.0298257201722194,1.84890912581401
2019-01-01,0.8515711044770152,1.0159815120087141,1.002548483780352,1.0126115226467198,1.800410165442402
2019-01-02,0.8456204452703336,1.0146873670955123,1.0028960060154277,1.030082749376826,1.754804459053945
2019-01-03,0.8228617683721582,1.0335174571364483,0.9825304774364422,1.0305211950571949,1.8035906100269712
2019-01-04,0.8555381840651239,1.0247689233589035,0.9858866031288438,1.0189997618260125,1.7937836350367489
2019-01-07,0.8331971070681763,1.0162274280832977,0.9924160582366145,1.010721564915371,1.7191267666118484
2019-01-08,0.8307960071974126,1.012163796085475,0.9932756193560953,1.0051800260787431,1.716738815026284
2019-01-09,0.8348675066730876,1.0159944711995956,0.9947388268072116,1.0014756332224477,1.7148460960416219
2019-01-10,0.8409225857673355,1.0110896488650938,0.9893708257543108,0.9987917868994506,1.8809606844703186
2019-01-11,0.8424884858356435,1.0147132854772751,0.9903675538511374,1.0008708215141322,1.8766544366165157
2019-01-14,0.840713745992203,1.007142418171081,0.9918307613022537,1.00301789857253,1.8671920500688082
2019-01-15,0.8460380451715614,1.005175320988536,0.9899286334775453,1.0036756121543042,1.9059575449659842
2019-01-16,0.8660823625362745,1.0053953186813567,0.9935316736830835,1.002428227434472,1.8932691983526975
2019-01-17,0.860653723118387,1.0043340535138159,0.9971256438443414,1.002360184990756,1.8811447603536962
2019-01-18,0.8679615222672812,0.9967373449638999,0.9981864204077008,1.0039855432323697,1.891802834559622
2019-01-21,0.8679615222672812,1.0068577016618943,1.0028320273184665,1.0035924291403309,1.935080605350749
2019-01-22,0.8706758818007435,1.0038682168844528,1.002914285643131,1.0051044133498985,1.9197571943412806
2019-01-23,0.8845607798326796,0.9987562789099708,1.0000337093492995,1.009716068829888,1.9301743990105331
2019-01-24,0.8872750597171049,0.9892571148558349,1.0012864917731141,1.0085896284272304,1.9217355065977535
2019-01-25,0.8945829385150361,0.9862805121312338,1.0022467303841056,1.0093002438824632,1.9223223743484776
2019-01-28,0.8985500181031448,0.9797967512363023,1.0004452102813366,0.9995100627622541,1.9939518590984004
2019-01-29,0.8958356585696825,0.9833945466047619,0.9991100299937143,1.0024811293079305,2.006867178928937
2019-01-30,0.9050226970986205,0.9893865524885673,1.0006006568863854,1.0033202593654669,1.9849544957615448
2019-01-31,0.9191163552566519,0.9866169882659055,0.9966135351903651,0.9934620358015415,2.001250850526589
2019-02-01,0.9122260763599485,0.9871993804751606,0.9953606829969789,0.9923204548286266,1.9839503356362496
2019-02-04,0.9078413968706119,0.9896195093722694,1.0007927325164123,0.9902868419247168,2.0004633924259263
2019-02-05,0.9062754171532669,0.9931396267334812,1.0055754366349523,0.9916098393733939,1.996306580354909
2019-02-06,0.9075282168569504,0.9987950793445741,1.0053925705883486,0.9921767996560659,2.027060142218693
2019-02-07,0.9063798370408331,1.00055513802518,1.0056943239845948,0.9989052510539386,2.0355846279032836
2019-02-08,0.9088853567991629,0.9994162719884326,1.003700728251799,1.0063064664814008,1.8871900620947681
2019-02-11,0.9051270373371496,1.0003739407669627,1.0041945572780722,1.003516816411486,1.8966820538447258
2019-02-12,0.9142096559785214,1.0060294705160966,1.0095900475420991,1.005482476994122,1.8940351070884571
2019-02-13,0.918594335467858,1.0038422985026898,1.0106416842916068,1.0000845933300548,1.905224665163347
2019-02-14,0.9099293963767511,1.0065989035344702,1.0143727516606391,1.0023903760088286,1.9132261256081882
2019-02-15,0.9161932355970943,1.0111931681160633,1.010852039549337,1.0052556388075877,1.9111495321360825
2019-02-18,0.9161932355970943,1.0027940696640716,1.0110898142486218,1.0008708215141322,1.7672152820706302
2019-02-19,0.9168195956244175,1.0013575279272557,1.0113367287617585,1.000492847992351,1.7531659017375791
2019-02-20,0.9195339551578798,0.9908359762782235,1.011162932759435,0.9985952298534312,1.7300553155566978
2019-02-21,0.9194295352703136,0.9920654023750591,1.0129278936067974,0.9956544444482692,1.750051917811122
2019-02-22,0.9295561138402363,0.992350118884246,1.0124066451389695,0.9998427046957055,1.7275912363082047
2019-02-25,0.9410398323523718,0.9905124593344333,1.0129919420733302,0.9927059986355367,1.7822440508291346
2019-02-26,0.9510619910347282,0.9858664351273554,1.0154975766905312,0.9968035055838709,1.7953474744617222
2019-02-27,0.9479301112490752,0.9761343141895175,1.0110166259682376,0.9950496327399538,1.7968907715014608
2019-02-28,0.9559686903128588,0.9717212468661417,1.0138149439374045,0.9937643965944782,1.7951482938833192
2019-03-01,0.9603533698021954,0.97562959998751,1.0183416634985276,0.9952234789305872,1.792916625542285
2019-03-04,0.9411442522399379,0.9774802187282041,1.0236548256683187,1.0042425724369763,1.8396404821544963
2019-03-05,0.9264241544055462,0.9820227236843124,1.0221824784033509,1.0063820792102454,1.7759870819617718
2019-03-06,0.9152536159070724,0.9836534218702269,1.0229963404535736,1.00951194149874,1.77254441987156
2019-03-07,0.8975060581745938,0.981750966366007,1.0207741796049157,1.0162932947700714,1.76912652948119
2019-03-08,0.8710934817019713,0.988480643335522,1.0208747873268549,1.0164218093723747,1.7738216728829161
2019-03-11,0.877148481147182,0.9964008688292282,1.0158085396702006,1.0144032469162803,1.7719609758517083
2019-03-12,0.87506056129008,0.9768331848406236,1.018204496521182,1.012634233502106,1.7701804344021026
2019-03-13,0.8879014993934651,0.9904218221363041,1.0178752539138094,1.0097916815587327,1.7712856952861018
2019-03-14,0.8768353011335205,0.9741024981906061,1.0168693162335598,1.0051044133498985,1.7633180693581176
2019-03-15,0.8722418615180886,0.9760955137549141,1.0219629833317692,1.007349813992527,1.7470507156075221
2019-03-18,0.8794452407794165,0.9732613078539271,1.0202071622982583,1.008582058142102,1.716032116695024
2019-03-19,0.8784012808508656,0.9756684004221133,1.0184879702897252,1.008279607226723,1.6997269005088982
2019-03-20,0.8702582818995157,0.9751507270292245,1.0187440246167132,1.0071456866613788,1.6929543580513315
2019-03-21,0.8805936205955338,0.9800297081200043,1.0119677247653773,1.0044240790351804,1.7173865043489773
2019-03-22,0.8757913412049695,0.985478122229158,1.0133028352834281,1.0103964932670482,1.7196735565717716
2019-03-25,0.8864399395636863,0.9799391480599162,1.0066728422232896,1.0149324458957512,1.7460985156331148
2019-03-26,0.8959400784572488,0.9792920370342948,1.006553954873647,1.0124376764560865,1.7364542685573003
2019-03-27,0.8988631981168065,0.9795767535434817,1.0109983463405343,1.0114624615111183,1.6931245376152855
2019-03-28,0.9055446372383775,0.9839510204322541,1.0104130494061734,1.013926949810268,1.7005973337342342
2019-03-29,0.9133744561760657,0.991198370794658,1.0117573695076472,1.0153482708431758,1.6884528568398323
2019-04-01,0.9228746747186654,0.9902535840689684,1.0192012246180087,1.0063140367665293,1.4180504190567464
2019-04-02,0.9292429338265747,0.9858275575547111,1.0178661140999579,1.008733283599791,1.3914904240218753
2019-04-03,0.9322704733736986,0.9821392021261635,1.018689115964032,1.0086576708709465,1.4056866219905741
2019-04-04,0.9310176736700152,0.9896453506159913,1.0210942126288653,1.010373782411662,1.3739028192280844
2019-04-05,0.9248581746882012,0.9896453506159913,1.0210942126288653,1.010373782411662,1.3739028192280844
2019-04-08,0.9266329941806787,0.9906806974017691,1.019246993456838,1.0065105938125487,1.3294845432645654
2019-04-09,0.915566795920734,0.9911466111691732,1.0160371745556338,1.0075841323417476,1.2996230646889873
2019-04-10,0.913478876063632,0.987962969942633,1.0149397689672965,1.006828095175743,1.3663593331364163
2019-04-11,0.9085721767855014,0.9912371712292614,1.0207558999772124,1.0113717082120164,1.3596346222130973
2019-04-12,0.9166108354983221,0.9912371712292614,1.0207558999772124,1.0113717082120164,1.3596346222130973
2019-04-15,0.9236054546335547,0.9877040946771681,1.0237005247375768,1.0106232413311402,1.3217141846536142
2019-04-16,0.9369683328766968,0.9919748423149709,1.0241577247388722,1.009965527749366,1.3175920126831886
2019-04-17,0.941666192379695,0.9925054748987413,1.0245510158127775,1.0091112571215726,1.3060412510012558
2019-04-18,0.9394738526350267,0.9959349550618241,1.0241211654834657,1.0112280530394557,1.3047050896793
2019-04-19,0.9394738526350267,0.9959349550618241,1.0241211654834657,1.0112280530394557,1.3047050896793
2019-04-22,0.9367595727506014,0.9969315014129986,1.0235724975740828,1.0089071297904246,1.2418272652271514
2019-04-23,0.9359243729481458,1.0002704215159932,1.0230969481755128,1.015136573226899,1.266254578022389
2019-04-24,0.9310176736700152,1.0028458292895563,1.0254105769322583,1.0200733003552114,1.3280666151935383
2019-04-25,0.9337320332034775,1.003531740749781,1.020006016623951,1.0189392896674252,1.3107509956081733
2019-04-26,0.938116712692814,1.003531740749781,1.020006016623951,1.0189392896674252,1.3107509956081733
2019-04-29,0.9547158906091754,1.0007104169016343,1.021268008631189,1.0171777564159374,1.2932656999486885
2019-04-30,0.9625457095468637,0.992466597326097,1.018689115964032,1.012127745378021,1.2808250703338198
2019-05-01,0.9637985092505471,0.991457168922082,1.0192104342014316,1.015983273569564,1.256958343119962
2019-05-02,0.9631721492232239,0.9929713886661454,1.0196036555057655,1.0182740058005224,1.1996469008786104
2019-05-03,0.9617105893934451,0.9929713886661454,1.0196036555057655,1.0182740058005224,1.1996469008786104
2019-05-06,0.9680788485013545,0.987962969942633,1.0132936954695766,1.0167393107355687,1.1870505922070123
2019-05-07,0.9489740711776262,0.9902665432598498,1.0082823564656032,1.018258865230265,1.1567006277943097
2019-05-08,0.9499136112186111,0.9945890505231375,1.006188153010868,1.018508324149743,1.1207191295862666
2019-05-09,0.9516884307110886,0.9947702477813547,1.0041671378365171,1.0179791251702723,1.084821412086632
2019-05-10,0.96578208886912,0.9947702477813547,1.0041671378365171,1.0179791251702723,1.084821412086632
2019-05-13,0.9489740711776262,0.9983421247680514,0.9981955602215524,1.0187880642097358,0.8655930768621367
2019-05-14,0.9517927709496177,1.0027163916568238,1.0029234254569828,1.017578440793105,0.843360073462237
2019-05-15,0.9475125113478474,1.0073236154292984,1.0011310451680653,1.016187400900712,0.8776142994451306
2019-05-16,0.9492872511912879,1.011244927741548,1.004752434770878,1.0177296662507942,0.9422670262607422
2019-05-17,0.942710231957283,1.011244927741548,1.004752434770878,1.0177296662507942,0.9422670262607422
2019-05-20,0.9422926320560552,1.0166933418507018,1.0065722345013504,1.0150988119236977,0.8689720978373078
2019-05-21,0.9529411507657349,1.0166933418507018,1.0065722345013504,1.0150988119236977,0.9010223474200474
2019-05-22,0.9433365919846062,1.0219087990761533,1.0079531138582307,1.0158018570938019,0.8779554641567733
2019-05-23,0.9397870326486882,1.02186999864155,1.0018900683351781,1.0186066477339737,0.8663563674507586
2019-05-24,0.9398914525362545,1.02186999864155,1.0018900683351781,1.0186066477339737,0.8663563674507586
2019-05-27,0.9398914525362545,1.0204464160956157,1.0014420081477344,1.015915231125848,0.7935713231824016
2019-05-28,0.9392650925089313,1.022271193592588,0.9999513812550634,1.0196574754077867,0.7991134875321744
2019-05-29,0.9431277522094738,1.0247171637334185,1.0017437615439808,1.0215096718359344,0.8317726577203753
2019-05-30,0.9463641315317302,1.026321866399529,1.0000519889770025,1.0224848867809024,0.8070339868116789
2019-05-31,0.9462597116441639,1.026321866399529,1.0000519889770025,1.0224848867809024,0.8070339868116789
2019-06-03,0.9469904915590533,1.0219087990761533,0.9878893386754913,1.0161798306155834,0.8977838001086136
2019-06-04,0.968392028515016,1.0188028358568608,0.9899651927329518,1.012316732138912,0.8844207771175211
2019-06-05,1.0040959837551058,1.0199417018936083,0.9906419575754003,1.0145544723739697,0.8846706087732429
2019-06-06,1.0010684442079818,1.019152271182414,0.9917942020468472,1.0095648433721987,0.860262629987638
2019-06-07,1.0038872236290104,1.019152271182414,0.9917942020468472,1.0095648433721987,0.860262629987638
2019-06-10,1.0092114431593318,1.019734586253628,0.9909254313439433,1.0028515325445833,0.872876258709532
2019-06-11,0.994491424973977,1.0170686184199769,0.991977068093451,1.0039855432323697,0.8495008368758703
2019-06-12,0.9964749249435129,1.0195534661334518,0.9921050952569451,1.0079772464337864,0.8407208301004314
2019-06-13,0.9963705847049836,1.020627613353833,0.9905779091088676,1.0075463710385462,0.7959566062718451
2019-06-14,0.9991892844769752,1.020627613353833,0.9905779091088676,1.0075463710385462,0.7959566062718451
2019-06-17,0.9935518052839551,1.0318997181414153,0.9925715048416635,1.0137984352079648,0.7619569950980979
2019-06-18,1.0012772839831143,1.029841983760741,0.9928823980517614,1.0110768275817663,0.7462010359720824
2019-06-19,1.0075411232034575,1.0225170325291304,0.9886940609118624,1.0031917447631633,0.7263353914235291
2019-06-20,1.0203819816578055,1.0183886817149415,0.9810307107299194,0.9966447999634948,0.6821302930558033
2019-06-21,1.0261238807383917,1.0183886817149415,0.9810307107299194,0.9966447999634948,0.6821302930558033
2019-06-24,1.011299442665471,1.0158521515140226,0.9814879805007861,0.9964860042206768,0.5868846176335122
2019-06-25,1.023096341191268,1.0197734638262723,0.9800156332358182,0.9962894471746574,0.5316374333633288
2019-06-26,0.9877055659648397,1.019152271182414,0.9852464673113732,0.9919500515919739,0.6187992774039063
2019-06-27,1.0039915638675396,1.020834651855772,0.9853287954056092,0.9899314891358795,0.5577275716849401
2019-06-28,1.0039915638675396,1.020834651855772,0.9853287954056092,0.9899314891358795,0.5577275716849401
2019-07-01,1.0142225623250285,1.0234876604985421,0.9909894100409047,0.9927816113643814,0.6406329630163153
2019-07-02,1.0404263786715555,1.0272536939343373,0.9858591836872889,0.9900600037381828,0.5785267367350527
2019-07-03,1.0588002964313574,1.0285219976038174,0.9856214089880039,0.9871191282105789,0.6169986970589
2019-07-04,1.0588002964313574,1.0284960792220543,0.9858866031288438,0.9864614146288048,0.6303174632935676
2019-07-05,1.054937636730815,1.0284960792220543,0.9858866031288438,0.9864614146288048,0.6303174632935676
2019-07-08,1.0527452173371097,1.0339704117129709,0.9942358579670868,0.9905211602739376,0.5503433394278242
2019-07-09,1.0607838760499304,1.0387717147965032,0.996092286722537,0.9922524123849106,0.5692346807982495
2019-07-10,1.075503894235285,1.0346563231731958,0.9906967964585099,0.9883211813420811,0.6092186210941491
2019-07-11,1.0858393125803403,1.0333880195037157,0.9930195650291072,0.9879054465170984,0.585639739018494
2019-07-12,1.0886580123523317,1.0333880195037157,0.9930195650291072,0.9879054465170984,0.585639739018494
2019-07-15,1.0880316523250084,1.0338409740802386,0.9866273466682535,0.9863933721850888,0.7301302446527521
2019-07-16,1.0783226736563136,1.042667185865031,0.9894805035205303,0.9893418179978214,0.7138490952807001
2019-07-17,1.0715368146471762,1.0407647303608112,0.9870662670418455,0.9868091971325136,0.648752793921173
2019-07-18,1.0767566939389686,1.0318738768976934,0.982164675573663,0.9854937699689653,0.6571162132078086
2019-07-19,1.0620366757536137,1.0318738768976934,0.982164675573663,0.9854937699689653,0.6571162132078086
2019-07-22,1.0625586158933709,1.0374128510669351,0.9867645136455993,0.9923280251137553,0.6989269656690756
2019-07-23,1.052954057112242,1.0404023358443766,0.9897640470586447,0.9933183806289808,0.7052552286969589
2019-07-24,1.0253931008235022,1.0364939827230084,0.9893708257543108,0.9935981206889736,0.6981457508423569
2019-07-25,1.019024841715593,1.0391988281293039,0.993732889126962,0.9947471818245751,0.7010839161187169
2019-07-26,1.023722701218591,1.0391988281293039,0.993732889126962,0.9947471818245751,0.7010839161187169
2019-07-29,1.0092114431593318,1.059271226319916,0.995561828671286,0.9951630067719999,0.7202672815929685
2019-07-30,1.0105686627505814,1.0641373253578554,0.9927817903298222,0.9939609536404976,0.6861161703281154
2019-07-31,1.0060795633736785,1.06482323681808,0.9951411879253972,0.9973932668443709,0.6653972615575717
2019-08-01,1.0194424416168206,1.0674115266444837,0.9824390095283545,0.9989732934976546,0.6579001972286154
2019-08-02,1.0225743214024738,1.0674115266444837,0.9824390095283545,0.9989732934976546,0.6579001972286154
2019-08-05,0.9850956263189437,1.0644349239198827,0.965630822085649,0.9989883439454699,0.6028758575590415
2019-08-06,1.000650844306754,1.0634254955158677,0.9724345413785398,1.0039931135174982,0.5794616166591643
2019-08-07,1.0034696237277825,1.065742028023966,0.9704592950430184,1.0063518881921727,0.5782783148508667
2019-08-08,1.0258107007247301,1.0657032275893625,0.9682005051693827,1.0000392617417249,0.5833222760097151
2019-08-09,1.0287338203842877,1.0657032275893625,0.9682005051693827,1.0000392617417249,0.5833222760097151
2019-08-12,1.008271903118347,1.071436358207703,0.963481779747804,1.0006591238978555,0.6350970419404864
2019-08-13,1.0223655612763785,1.072730503120905,0.9747481701352853,0.9988296383250939,0.6884315690285743
2019-08-14,0.9951177850013002,1.0730669792555767,0.968584586659865,1.0062384240376847,0.671084028187722
2019-08-15,1.012447822481588,1.0702974921709556,0.9701117728079427,1.0067600527320268,0.6670220232524813
2019-08-16,1.0181896419131373,1.0702974921709556,0.9701117728079427,1.0067600527320268,0.6670220232524813
2019-08-19,1.0379207792641887,1.0667773748097438,0.9746018633440879,1.0075841323417476,0.6429213746616619
2019-08-20,1.0325965597338673,1.0640726065414892,0.971858454027602,1.0066164876819081,0.6825683292115428
2019-08-21,1.0368768193356377,1.0667126559933775,0.974812218601818,1.0044240790351804,0.683039545347355
2019-08-22,1.0453329983006492,1.0562947007333559,0.9736325546888163,1.0051271242052844,0.6648671874601435
2019-08-23,1.018085222025571,1.0562947007333559,0.9736325546888163,1.0051271242052844,0.6648671874601435
2019-08-26,1.0300909603265005,1.0588829905597594,0.9691515341969512,1.0018687473144865,0.6793886398617249
2019-08-27,1.0259150409632594,1.0536028145179417,0.9669567927898481,1.0043636068765929,0.7094127456537441
2019-08-28,1.0286294004967216,1.0591806662598278,0.9699928854583002,1.0060116759735926,0.727630770068916
2019-08-29,1.0415746788386357,1.0619631125353302,0.9733582207341247,1.004046015390957,0.7209613926783736
2019-08-30,1.0423054587535252,1.0619631125353302,0.9733582207341247,1.004046015390957,0.7209613926783736
2019-09-02,1.0423054587535252,1.0725105054280843,0.9711177104881923,1.0079772464337864,0.6513754221184505
2019-09-03,1.039069159080306,1.0704010114219253,0.9680816178197402,1.0083779308109537,0.6531614516072489
2019-09-04,1.0430363183174518,1.0565534988607799,0.972324793842749,0.9998351344105768,0.6543323172166422
2019-09-05,1.0650641356517005,1.050121497591333,0.9791560023467659,1.0001148744705695,0.668376964745252
2019-09-06,1.0884492522262363,1.050121497591333,0.9791560023467659,1.0001148744705695,0.668376964745252
2019-09-09,1.0736247345042784,1.048296797232402,0.9815793786393023,0.9955712614342959,0.6840575010941068
2019-09-10,1.0246623209086128,1.0474944073303263,0.9839844753041355,0.9938172984679369,0.6798640349631608
2019-09-11,1.0249755009222745,1.0492027063854472,0.9878344997923816,0.9967506037104121,0.6647287781047265
2019-09-12,1.0335360997748522,1.04965566096197,0.9892519384046683,0.9987917868994506,0.6679098772260801
2019-09-13,1.0389647391927397,1.04965566096197,0.9892519384046683,0.9987917868994506,0.6679098772260801
2019-09-16,1.0364592194344098,1.0412824037537,0.9891147714273226,1.0010069064015643,0.6756885434192952
2019-09-17,1.0724764343371982,1.0351092777497184,0.9884380065848742,1.0008708215141322,0.6785395546053582
2019-09-18,1.0713280545210808,1.0377752455833698,0.9915290079060074,1.0050288006210537,0.674033975126202
2019-09-19,1.0615146559648196,1.0332585818709834,0.9880173658389855,1.0022542911213965,0.6796460238649594
2019-09-20,1.0510748973812354,1.0332585818709834,0.9880173658389855,1.0022542911213965,0.6796460238649594
2019-09-23,1.0465857980043327,1.0407776895516927,0.9841125024676295,1.0025113203260032,0.802721495683932
2019-09-24,1.0582783562916005,1.0364939827230084,0.9799882137942634,1.000991765831307,0.8153552136502099
2019-09-25,1.0727896143508597,1.0470932123792882,0.9848258265654845,1.0022316703884526,0.8523144387672534
2019-09-26,1.0629762157945986,1.0494355861311084,0.9854110537302738,1.00306323016086,0.83858950728335
2019-09-27,1.0448110581608923,1.0494355861311084,0.9854110537302738,1.00306323016086,0.83858950728335
2019-09-30,1.0371899993492992,1.0530204223086865,0.9882734201659736,1.0010976597006664,0.8293998611788197
2019-10-01,1.0292557605240449,1.0528263429976288,0.9852373274975216,0.9992076118468753,0.8244818731764839
2019-10-02,0.9995024644906367,1.051790996211851,0.9799882137942634,1.007621893644949,0.8377625755796874
2019-10-03,1.0141181424374623,1.048555595359826,0.9769063522869819,1.0082569864937792,0.8432811766052204
2019-10-04,1.0359372792946528,1.048555595359826,0.9769063522869819,1.0082569864937792,0.8432811766052204
2019-10-07,1.0336405196624183,1.0531886603760223,0.9807929360306344,1.0056638934698838,0.8409402006211851
2019-10-08,1.013491782410139,1.0590900290616987,0.9781409248526647,1.007100264950607,0.8050396635784788
2019-10-09,1.016101722056035,1.0596594620800723,0.980125380771609,1.0081284718914758,0.8059081331934616
2019-10-10,1.0289425805103831,1.0408941679935437,0.9865450185740176,1.0044165087500516,0.8315443250805732
2019-10-11,1.0367723994480715,1.0408941679935437,0.9865450185740176,1.0044165087500516,0.8315443250805732
2019-10-14,1.026750240765715,1.0261536283321933,0.9911906254847832,0.999736810826346,0.8433393296810686
2019-10-15,1.022261141388812,1.014182652893505,0.9951137684838423,0.998073601159089,0.8598806825994265
2019-10-16,1.023722701218591,1.0091871933608738,0.9938334968489012,0.9979224658238417,0.8538977128998263
2019-10-17,1.0265414806396196,1.0056735555951026,0.9929555863321458,0.9930689217095028,0.8678953344779233
2019-10-18,1.0295690201867433,1.0056735555951026,0.9929555863321458,0.9930689217095028,0.8678953344779233
2019-10-21,1.0247667407961791,0.9976821316895895,0.9931384523787496,0.98934938828295,0.8566151482328804
2019-10-22,1.021634781361489,1.0044117315210634,0.992059396187687,0.9899087782804935,0.9208534022169923
2019-10-23,1.0576519166152403,1.001422246743622,0.9935133940553803,0.9883211813420811,0.9234566460556537
2019-10-24,1.0543111970544548,1.007893048447672,0.9931842212175791,0.9881397648663192,0.7990013603461018
2019-10-25,1.0275854405681706,1.007893048447672,0.9931842212175791,0.9881397648663192,0.7990013603461018
2019-10-28,1.0307174000028607,1.0085400823352526,0.9943547453167293,0.9875652342985184,0.7476016439928136
2019-10-29,1.0297777803128387,1.0065471439089855,0.9964580188157447,0.9870057541785329,0.7339985066997992
2019-10-30,1.0446022183857597,1.0058223548761165,0.9956350169516703,0.989530804758712,0.7516961743713425
2019-10-31,1.0415746788386357,1.0030916682260989,0.9948577141568541,0.9953066619445605,0.7521985565278906
2019-11-01,1.0359372792946528,1.0001539430741422,0.9876058649069482,0.9954654576873786,0.7472016716685383
2019-11-04,1.0292557605240449,1.0003092219505965,0.9896542995228539,0.9933864230726969,0.7351741554626171
2019-11-05,1.0274810206806044,1.0038810989372933,0.9939889434539502,0.9942634045558764,0.7406893327572777
2019-11-06,1.0431406585559808,1.0047352484648537,0.9981224417107394,0.9942179828451043,0.7392375701693935
2019-11-07,1.0495089176638903,1.0065989035344702,0.9959916790005978,0.9968337867243855,0.7466813149249099
2019-11-08,1.05086613725514,1.0126465259458086,0.9992929658098896,0.9999712192980088,0.7859178749109479
2019-11-11,1.070388434831059,1.0113484469925178,0.9988539756667262,0.999827564125448,0.7901438664851821
2019-11-12,1.0695532350286034,1.0064694659017377,0.9971713429135995,1.0003416225346615,0.784956712817492
2019-11-13,1.078113833881181,1.0069612209128638,0.9967232129565845,1.0006969753234989,0.7856161838023052
2019-11-14,1.0780094936426519,1.0068318604181723,0.9949399724815187,1.0018460364591004,0.7946528696952108
2019-11-15,1.0814545534419666,1.0046446884047655,0.9921416545123516,1.0016873308387244,0.8148749346973825
2019-11-18,1.0919987319131172,1.0015775256200765,0.9940346425232083,0.9996158665091713,0.8327926777754473
2019-11-19,1.0969054311912478,0.9992868343557001,0.9936963298715555,0.9984365242330552,0.8432597279382842
2019-11-20,1.1034824504252525,1.0009368941898957,0.9917118739526112,1.003312689080338,0.8620507237847567
2019-11-21,1.093460291742896,1.0011245710435537,0.9920136273488576,1.0056336123293692,0.905421942289108
2019-11-22,1.0895976320423535,1.001681044871046,0.9929921455875522,1.0038192673268649,0.9483780837741588
2019-11-25,1.092416331814345,1.0068577016618943,0.9943181860613228,1.0051574053457992,0.9683433689608969
2019-11-26,1.094399911432918,1.003441103551652,0.9967140731427329,1.0057167953433426,0.9586527001223707
2019-11-27,1.0883448323386702,1.006275309452639,0.9976743117537243,1.0031388428897048,0.9187760031611519
2019-11-28,1.0883448323386702,1.0009045733507331,1.0001433871155188,1.0043937978946655,0.9272162046475005
2019-11-29,1.0940867314192564,1.0022246366456977,1.0014694275892895,1.0039477819291682,0.8915981254017711
2019-12-02,1.0905371720833383,1.0022246366456977,1.0016797828470194,1.0042652832923622,0.9450862672382683
2019-12-03,1.0907460118584709,1.0000762650668944,0.9969884768669958,1.0057092250582138,0.9453243172318702
2019-12-04,1.0983669910210265,0.9956761569344001,0.9936140017773195,1.0048700950006777,0.9542025548739581
2019-12-05,1.0927295118280067,0.9870570607895877,0.995250935461188,0.9973705559889849,0.9290583732528104
2019-12-06,1.098575830796159,0.9835239842374943,0.9943913045721358,0.9961080306988953,0.9169090628560003
2019-12-09,1.092416331814345,0.9849346075925471,0.9933762270780345,1.0016873308387244,0.9350094216969235
2019-12-10,1.0921031518006834,0.9844686938251431,0.9929647261459974,1.0007271663415716,0.9507827512222182
2019-12-11,1.0845865128766567,0.9855558002364057,0.9946290792714207,1.000266009805817,0.9587779683931156
2019-12-12,1.0870920326349867,0.9804180210182017,0.992662972749751,0.9958585717794173,0.9553754847916716
2019-12-13,1.0907460118584709,0.9603973053150336,1.000564097630979,0.9943464974474077,0.951886400938748
2019-12-16,1.0982625711334604,0.9691717574743414,1.0004452102813366,0.9966674206964388,0.9981868226004111
2019-12-17,1.1066144098599426,0.9750731261600177,1.0020546547540787,0.9951252454687985,1.042074319580734
2019-12-18,1.105779210057487,0.9862417116966304,1.0015059868446958,0.9948379351236771,0.9509550454434758
2019-12-19,1.1172629285696225,0.9888688790956784,1.001826089638217,0.9914132823273745,0.960719022401859
2019-12-20,1.1233180076638702,0.9941748963812181,1.0002897636762875,0.9921011869272213,0.9585938925097381
2019-12-23,1.1188289082869676,0.995093764725145,1.001350540239647,0.9938702904638376,0.9407640084077382
2019-12-24,1.1138178687703078,0.9997397889322228,1.000280623862436,0.9940063753512696,0.9450163828492836
2019-12-25,1.1138178687703078,1.0005163375905766,1.0002897636762875,0.9952008581976431,0.9511702369986057
2019-12-26,1.1253015872824432,0.9975397348659756,1.0001617365127935,0.994520433760483,0.9559255977845003
2019-12-27,1.1273895071395452,0.9953396807997285,1.0017437615439808,0.990967176239435,0.9492215299443826
2019-12-30,1.1172629285696225,0.9885194437701254,1.0007012646083249,0.9883514624825959,0.9488437111728114
2019-12-31,1.1180981283720781,0.9869276231568552,0.9956258771378187,0.9873837277003144,0.9619541836630775
2020-01-01,1.1180981283720781,0.9757978380548459,0.9938700561043078,0.9829535788185287,0.961075392506494
2020-01-02,1.1256147672961048,0.9767037472078912,0.9941626696867024,0.980761170171801,0.9906151410780288
2020-01-03,1.1304170466866692,0.9839510204322541,0.9926080640970699,0.9815172073378058,0.9421404489164286
2020-01-06,1.1296862667717797,0.9894123937322893,0.9873131815549822,0.9817893771126699,0.89068328437306
2020-01-07,1.1109990893492792,0.9826568755190523,0.9913552119036838,0.9800732655719542,0.8476448726491037
2020-01-08,1.1048396700165022,0.9868758635313704,0.9877887309535521,0.9830367618325021,0.8564394302807504
2020-01-09,1.1207080680179742,0.9875228974189508,0.9970707351916603,0.9855618124126813,0.8782648083108955
2020-01-10,1.115383768838616,0.9901630240088802,1.0014237285200314,0.987527382872875,0.8473480150428693
2020-01-13,1.117993708484512,0.9920266019404558,1.0019632566155625,0.9877466507742804,0.8496745408686635
2020-01-14,1.1123563089405288,0.9964138280201096,1.0058589104034954,0.9870057541785329,0.7838806543438754
2020-01-15,1.1260323671973327,0.9937866606210617,1.0045969183962578,0.987754221059409,0.78572760610261
2020-01-16,1.1307302267003307,0.9923630780751274,1.0048621823066688,0.9856751864447273,0.7932232606600307
2020-01-17,1.1411699852839152,0.9895159129832588,1.0075324731123418,0.985750799173572,0.7749899805028831
2020-01-20,1.1411699852839152,0.994951445039572,1.0075781721816,0.9876105658868484,0.7992837174451117
2020-01-21,1.140543625256592,0.9950808055342635,1.007514123715067,0.9862346665647127,0.791218515187263
2020-01-22,1.1393952454404748,0.9918454046822385,1.0050907474225308,0.9883590327677245,0.797144036696783
2020-01-23,1.1445107048447007,0.9845463718323908,1.0034446739248106,0.9933108103438522,0.8231601620127693
2020-01-24,1.1505657839389485,0.9864099497639662,1.0018352294520685,0.9924036378426,0.8193673730918665
2020-01-27,1.1460766845620456,0.9907971758436201,0.9949766015064966,0.9948227945534198,0.7766611136115209
2020-01-28,1.1602747626076435,0.9909266134763526,0.9960556576975591,0.9969925824672036,0.7394181719729152
2020-01-29,1.204121716799083,0.9936313817446073,0.9979944145472454,0.9952008581976431,0.7427487068770543
2020-01-30,1.2105943957945586,0.993825461055665,0.9966683740734747,0.9976956276373077,0.7277228080106046
2020-01-31,1.2158142750863508,0.9887394414629459,0.9956624363932252,0.9987767364516352,0.7400554894050243
2020-02-03,1.229699173118287,0.9817897668006104,0.9910443186935858,1.0009767153834916,0.744594953750021
2020-02-04,1.2388861319981876,0.995701998178122,0.9932390601006889,1.0050288006210537,0.7537236775846152
2020-02-05,1.215918694973917,0.9930101891007488,1.000874990841077,1.0041519092603162,0.7198175141240925
2020-02-06,1.2094460159784413,0.9957279165598849,1.00423118630305,1.004295564432877,0.711207737261591
2020-02-07,1.1935776179769695,1.0008786549689703,1.0056394851014852,1.004272853577491,0.7064060050619683
2020-02-10,1.2081932959237949,1.0038810989372933,1.0026856507576978,1.006208233019612,0.7020575647600606
2020-02-11,1.1984843172550999,1.0018104825037786,1.0037921961598866,1.0067676230171554,0.6778752501181368
2020-02-12,1.190758838555941,0.9988468389700589,1.0044963804438898,1.0047567209686317,0.6701408406813464
2020-02-13,1.1943083978918587,0.9987691609628112,1.0045237998854446,1.0021636279447366,0.677467624748382
2020-02-14,1.2130999155528885,0.9919360418803675,1.0037190776490736,1.0027532990827948,0.6710466692420256
2020-02-17,1.2130999155528885,0.9914701281129634,1.0040208310453198,1.0013395483350158,0.7141189658318223
2020-02-18,1.2075668562474347,0.9948220074068396,1.0043774930942473,1.0005684607211955,0.6823025872770608
2020-02-19,1.2033909368841935,0.9953396807997285,1.00519135514447,1.0019821213465325,0.7183262779332084
2020-02-20,1.1952479379328436,1.0010340109834657,1.0169973433970538,0.999464641051482,0.7201884350849354
2020-02-21,1.2024513968432087,1.0045282099629145,1.0238011324595162,1.0024432778822872,0.7143916055770326
2020-02-24,1.1978578775787396,0.9990668366628795,1.0201706030428517,1.0019292194730738,0.7170765154667985
2020-02-25,1.1735333006122564,1.0011633714781571,1.0137692448681463,1.0045298827820976,0.7407543836438542
2020-02-26,1.1799014800711287,0.9952490436015994,1.008547550606443,1.0039099305035248,0.7845242150499285
2020-02-27,1.1217520279465252,1.002690473275061,1.009251665120875,1.0089071297904246,0.7877419682312107
2020-02-28,1.0705972746061916,1.0040882145772734,1.0028228875046148,1.0119991406532758,0.7979184040617568
2020-03-02,1.1496262438979636,1.0105072566558386,0.9848715256347426,1.0135792574290015,0.7801771341705732
2020-03-03,1.1491042241091696,1.0136649795006158,0.9920959554430935,1.0073800050105997,0.7874465203965119
2020-03-04,1.214874735045366,1.0094201502445759,0.9788359693228164,1.0113489973566303,0.7903729040107521
2020-03-05,1.1911764384571686,1.005175320988536,0.9846886595881387,1.0118781963361012,0.7622088910621397
2020-03-06,1.1535933234860725,0.9992997935465816,0.9716206793283171,1.0125737613435186,0.7585503325310301
2020-03-09,1.103691290200385,0.987962969942633,0.9504961275822184,1.0298408607424767,0.8733239618700878
2020-03-10,1.0930426918416682,0.9897747882487238,0.9429424551664949,1.0325473277984178,0.8748609149379157
2020-03-11,1.0368768193356377,1.0024704755822405,0.9604456870793521,1.0381266279382468,0.8746727104378981
2020-03-12,0.925275774589429,1.0096271887465151,0.9560927635205525,1.0412413496564843,1.3921159597918646
2020-03-13,1.002738843812893,1.0295443851987136,0.9566414314299354,1.0540782100512147,1.2437592564188797
2020-03-16,0.8906157792778904,1.0436895734599274,0.9756444300493154,1.0431162569400179,1.3799860841026539
2020-03-17,0.9920902454541763,1.055026397063876,0.9709531240692917,1.0592039239404176,1.324225390550587
2020-03-18,0.9559686903128588,1.0676444835281858,0.9819451805020813,1.076486163909633,1.320987548124921
2020-03-19,0.9186987553554241,1.1132248119657229,0.9909345711577949,1.0920446319305621,1.1177027219896745
2020-03-20,0.8404005659785414,1.125907617246399,1.0177380869364636,1.0960666162724937,1.1163346394122315
2020-03-23,0.7606408167718798,1.1134448867965845,1.0101569950791853,1.0931333110300183,1.0784869057848048
2020-03-24,0.8663955425499361,1.116084936248473,1.013494910913455,1.0944563084786953,1.0274850974474716
2020-03-25,0.9078413968706119,1.0974878030912392,1.0161743415329796,1.091591045679936,1.0357501851694912
2020-03-26,0.9794581471259237,1.0920135477383635,1.0139429711008987,1.0748153839572474,1.0302945707222144
2020-03-27,0.9686007886411114,1.0607336864384946,0.9977840592895152,1.0612300566816408,1.0695713091970205
2020-03-30,1.0381296190393212,1.046070824784392,0.9879625269558757,1.0719123598552869,1.0747466812025908
2020-03-31,0.9912550456517206,1.0429647844270584,0.9831431938123578,1.0642993566891061,1.0473957036382175
2020-04-01,0.963276489461753,1.0451649156313465,0.9808478446833155,1.0698484658108625,1.01858883486932
2020-04-02,0.9809197069557025,1.0441036504638057,0.9876515639762063,1.0681776858584768,1.0277016987741372
2020-04-03,0.9940738250727492,1.0441036504638057,0.9876515639762063,1.0681776858584768,1.0277016987741372
2020-04-06,1.0605750362747979,1.057278210755608,0.9978388981726249,1.0668924497130012,0.9642578510503999
2020-04-07,1.0537892569146976,1.0488661531127348,0.9935957221496163,1.0594609531450245,0.9435257508462005
2020-04-08,1.0870920326349867,1.044259006478301,0.9960739373252624,1.0586898655312043,0.9476618191360495
2020-04-09,1.1266587272246558,1.0390823496874528,0.9927726505159705,1.0573517275122701,1.0079266320467535
2020-04-10,1.1266587272246558,1.0390823496874528,0.9927726505159705,1.0573517275122701,1.0079266320467535
2020-04-13,1.0783226736563136,1.0333492190691125,0.9841948305618655,1.048808931111893,1.0113242821457895
2020-04-14,1.1229004077626425,1.0249759618608425,0.9794486159291607,1.049398602249951,1.0418244879250123
2020-04-15,1.1066144098599426,1.033595058005655,0.9840668033983714,1.0674065982446568,0.9723340293866338
2020-04-16,1.1307302267003307,1.036338703846554,0.9871394553222299,1.0613887623020168,0.9751595136381037
2020-04-17,1.1613187225361945,1.036338703846554,0.9871394553222299,1.0613887623020168,0.9751595136381037
2020-04-20,1.1460766845620456,1.0400917780914678,0.9846154713077543,1.068170115573348,1.0057537713183522
2020-04-21,1.0989933510483498,1.052282751222977,0.9850910207063243,1.0726910177542357,0.9722787462028405
2020-04-22,1.0923119119267788,1.050121497591333,0.9859323719676732,1.072297903662197,0.9313820795355332
2020-04-23,1.0841689129754288,1.0477144050231468,0.9845971916800511,1.0633165714590092,0.9164350775261001
2020-04-24,1.1027516705103633,1.0477144050231468,0.9845971916800511,1.0633165714590092,0.9164350775261001
2020-04-27,1.1653902220118693,1.0417741587648262,0.9810855496130292,1.0611393033825387,0.8863659597429049
2020-04-28,1.1610055425225327,1.0406870523535636,0.9761290494921655,1.0571174091630493,0.7862611039309108
2020-04-29,1.1650770419982077,1.037697567576122,0.9749311059514605,1.048899594288553,0.7991992821999192
2020-04-30,1.1449283047459284,1.0286255168547869,0.9811038990103038,1.0548418175023482,0.780608222166601
2020-05-01,1.1130870888554183,1.0286255168547869,0.9811038990103038,1.0548418175023482,0.780608222166601
2020-05-04,1.1079715498021554,1.0398588212077657,0.97572668837398,1.064730322206788,0.7686167054838239
2020-05-05,1.1361589457672554,1.0399714427475688,0.9734862478976188,1.0615928896331648,0.7465843931318296
2020-05-06,1.1027516705103633,1.0499791779057601,0.971099430860489,1.0707178770089134,0.6953625597369583
2020-05-07,1.1204993078918788,1.0457084302679573,0.9726357568224182,1.0560967725073092,0.7030526620683405
2020-05-08,1.123213587776304,1.0457084302679573,0.9726357568224182,1.0560967725073092,0.7030526620683405
2020-05-11,1.1404392053690258,1.049306225636417,0.9836735820940374,1.0597634040604031,0.785953874434092
2020-05-12,1.1327138063189037,1.056035825467891,0.97975957890883,1.0645186245905114,0.7464854573794125
2020-05-13,1.1367853057945785,1.0571876506955198,0.9778848705256765,1.0651310065839557,0.7109212515459408
2020-05-14,1.1429448047763926,1.0578476437739817,0.9818354329662905,1.0608974147481893,0.7418276729233828
2020-05-15,1.1700881611639045,1.0578476437739817,0.9818354329662905,1.0608974147481893,0.7418276729233828
2020-05-18,1.1999458770848788,1.0607854460639794,0.9819817397574879,1.0537909898285354,0.7112638260291191
2020-05-19,1.1758299805954537,1.0559452654078028,0.985904882756547,1.0537153770996908,0.7266536976966999
2020-05-20,1.197544697565078,1.0575888456465576,0.9839022169794708,1.0511827562343827,0.7619569950980979
2020-05-21,1.1900280586410514,1.058753552927027,0.9842679490726786,1.0543958015368509,0.7535915115031422
2020-05-22,1.204121716799083,1.058753552927027,0.9842679490726786,1.0543958015368509,0.7535915115031422
2020-05-25,1.204121716799083,1.0606689676221284,0.9847800577266549,1.0562706186979425,0.7832336699069499
2020-05-26,1.2139351153553442,1.0491767880036844,0.9829876774377375,1.0419595353968456,0.753719548967975
2020-05-27,1.2025558167307748,1.0551816759403303,0.9857951352207561,1.0398654503343485,0.7264426347582101
2020-05-28,1.214874735045366,1.0503286132313132,0.9843776966084694,1.041316962385329,0.7331092933036479
2020-05-29,1.2366937922535195,1.0503286132313132,0.9843776966084694,1.041316962385329,0.7331092933036479
2020-06-01,1.241078471742856,1.0364034226629202,0.9835089259055655,1.0268395130562853,0.7261339954898558
2020-06-02,1.2448367912048695,1.0286255168547869,0.9950405802034579,1.021358446378245,0.7165907484747784
2020-06-03,1.2458807511334204,1.0291431902476758,0.9967781216092656,1.0201337725137987,0.706067659893397
2020-06-04,1.2311607329480656,1.026373626025014,0.998159000966146,1.0207234436518569,0.7159368158781412
2020-06-05,1.2517270701015728,1.026373626025014,0.998159000966146,1.0207234436518569,0.7159368158781412
2020-06-08,1.2663427480483984,1.0162015868395757,0.9913826313452386,1.0106232413311402,0.7064233251122641
2020-06-09,1.2537105700711086,1.0181169243966361,0.9857859954069045,1.014705697831659,0.7010991215117093
2020-06-10,1.25287544991769,1.018168684022121,0.9783238606688399,1.0151894751003578,0.742337657776427
2020-06-11,1.1823026595909294,1.0289878342331804,0.9766960667988231,1.0310277733037216,0.7298832325401018
2020-06-12,1.2021382168295471,1.0289878342331804,0.9766960667988231,1.0310277733037216,0.7298832325401018
2020-06-15,1.2253144936289504,1.0240441343260342,0.9827407629246009,1.0231653112180628,0.7255077548340986
2020-06-16,1.237424572168409,1.0283278411547185,0.9822470036678991,1.02313512019999,0.7299288990680622
2020-06-17,1.2332486528051678,1.0309808497974884,0.977528208476749,1.0263329348097585,0.7352343728467855
2020-06-18,1.2453588109936633,1.041424723439273,0.9785524257847019,1.0275879799371614,0.745036413636633
2020-06-19,1.240556531603099,1.041424723439273,0.9785524257847019,1.0275879799371614,0.745036413636633
2020-06-22,1.2497434904829998,1.0351998378098066,0.9776105365709851,1.0207385842221142,0.7186037511808268
2020-06-23,1.2381553520832984,1.0332715410618647,0.9733033120814436,1.0237928337817641,0.7429888211789764
2020-06-24,1.2034953567717597,1.0425895078577834,0.9788999480197778,1.031473789269219,0.7469027497539837
2020-06-25,1.2390949717733202,1.041541201881124,0.979915025513879,1.0308085054023162,0.755208015964771
2020-06-26,1.2091328359647797,1.041541201881124,0.979915025513879,1.0308085054023162,0.755208015964771
2020-06-29,1.227193653359957,1.0512603636280806,0.9838930073960478,1.0324414339290584,0.7572680446213321
2020-06-30,1.2472379707246701,1.0445825234220913,0.9875418164404155,1.026211990492584,0.7498554658865517
2020-07-01,1.2607052688553784,1.0382540414036143,0.9818445727801421,1.0274820860678022,0.7584783838337253
2020-07-02,1.253397390057447,1.0381194355221375,0.9830425860904186,1.0258717782740039,0.7614919718872462
2020-07-03,1.253397390057447,1.0381194355221375,0.9830425860904186,1.0258717782740039,0.7614919718872462
2020-07-06,1.264045988416164,1.035704552011814,0.9817805940831807,1.023543284739844,0.7479144118778083
2020-07-07,1.2576777293082544,1.0317961988904456,0.9837833296298284,1.028464871297899,0.7339486612062149
2020-07-08,1.2705185877626024,1.0260113086466203,0.9810855496130292,1.021902785927973,0.7458433064448952
2020-07-09,1.261122868756606,1.0266972201068452,0.9806557690532887,1.0266505262953947,0.7457761912499985
2020-07-10,1.2828375060771935,1.0266972201068452,0.9806557690532887,1.0266505262953947,0.7457761912499985
2020-07-13,1.284090305780877,1.0310585278047362,0.9810215709160678,1.0289487386890397,0.7486479462172299
2020-07-14,1.3028819030909435,1.0296219860679203,0.9807380971475247,1.0281171789166323,0.752750079292255
2020-07-15,1.324178940510303,1.0278464226410813,0.9777385637344792,1.0211241280290242,0.7577462592658394
2020-07-16,1.326162520128876,1.0304243759699963,0.9810398505437711,1.0258113061154166,0.7561595110534107
2020-07-17,1.3408826179632678,1.0304243759699963,0.9810398505437711,1.0258113061154166,0.7561595110534107
2020-07-20,1.3707403338842419,1.022102955525252,0.9802899671905096,1.0224848867809024,0.7381324603323446
2020-07-21,1.367712714688081,1.0165639042179693,0.976961260939663,1.0166561277215953,0.7263365494501477
2020-07-22,1.399971689777893,1.0166286230343355,0.9800979613300542,1.014342774757693,0.7222510818886341
2020-07-23,1.3718887137003593,1.0165639042179693,0.9770160998227727,1.0133297083870814,0.7226309649685254
2020-07-24,1.363014855185083,1.0165639042179693,0.9770160998227727,1.0133297083870814,0.7226309649685254
2020-07-27,1.3627016751714214,1.004023495760907,0.9625947294171969,1.0084232623992837,0.6341007362566045
2020-07-28,1.3378549987671067,1.0013833691709777,0.9611864306187619,1.0115002228143197,0.6233891914302883
2020-07-29,1.367712714688081,0.9968538234057509,0.9605005259624618,1.0086576708709465,0.622842502168332
2020-07-30,1.3561245762883793,0.9865652286404206,0.9573089866889608,1.0140101328242415,0.6111608331295113
2020-07-31,1.3708446741227711,0.9865652286404206,0.9573089866889608,1.0140101328242415,0.6111608331295113
