NASDAQ,USD-GBP,USD-JPY,USD-CAD,Bitcoin
,0.7398599982261658,112.66600036621094,1.258080005645752,7.322140299947932e-05
76.73999786376953,0.740119993686676,112.7699966430664,1.2554999589920044,6.674630276393145e-05
77.66000366210938,0.7354999780654907,112.24400329589844,1.2503900527954102,6.578509783139452e-05
78.69000244140625,0.740119993686676,112.60700225830078,1.2546900510787964,6.410590140148997e-05
79.20999908447266,0.73785001039505,112.78299713134766,1.2490299940109253,5.7373999879928306e-05
79.95999908447266,0.7365999817848206,113.15399932861328,1.2393200397491455,6.591909914277494e-05
80.16999816894531,0.7368500232696533,113.14099884033203,1.2414599657058716,6.851470243418589e-05
81.2300033569336,0.7389699816703796,112.75499725341797,1.2473200559616089,6.678549834759906e-05
80.45999908447266,0.7400400042533875,111.44400024414062,1.253059983253479,7.459460175596178e-05
81.43000030517578,0.7384499907493591,111.29399871826172,1.2518999576568604,7.152769831009209e-05
81.43000030517578,0.7281699776649475,111.0999984741211,1.2460399866104126,7.235990051412955e-05
80.41999816894531,0.7247300148010254,110.58100128173828,1.2424499988555908,8.702839841134846e-05
80.45999908447266,0.7246999740600586,110.38800048828125,1.2425199747085571,8.937669917941093e-05
79.83000183105469,0.7231699824333191,111.3759994506836,1.243749976158142,8.714669820619747e-05
80.06999969482422,0.7196999788284302,111.0260009765625,1.241129994392395,8.615190017735586e-05
80.62999725341797,0.7198600172996521,110.68399810791016,1.248610019683838,9.147959644906223e-05
80.20999908447266,0.7150599956512451,110.96600341796875,1.2452000379562378,9.200989734381437e-05
81.16999816894531,0.7134000062942505,110.10700225830078,1.2414300441741943,8.80328007042408e-05
81.18000030517578,0.70319002866745,109.32599639892578,1.2352499961853027,8.881469693733379e-05
81.36000061035156,0.7067000269889832,109.7040023803711,1.2375999689102173,8.951430208981037e-05
81.6500015258789,0.7067499756813049,108.63899993896484,1.2312999963760376,8.852379687596112e-05
81.8499984741211,0.7103999853134155,108.9260025024414,1.2334200143814087,9.894819959299639e-05
80.91000366210938,0.7064200043678284,108.73200225830078,1.2336100339889526,9.783679706742987e-05
81.37000274658203,0.704200029373169,109.20099639892578,1.2302000522613525,0.00010904479859163985
80.33999633789062,0.7009299993515015,109.40599822998047,1.2260600328445435,0.00011324069782858714
77.47000122070312,0.7086499929428101,110.03500366210938,1.2431999444961548,0.0001437759055988863
77.72000122070312,0.717170000076294,109.09500122070312,1.2535899877548218,0.00012896569387521595
77.2699966430664,0.7164000272750854,109.62699890136719,1.2504299879074097,0.00013121119991410524
75.20999908447266,0.7204999923706055,109.19599914550781,1.256500005722046,0.00012098350271116942
76.11000061035156,0.7176200151443481,108.52899932861328,1.259060025215149,0.0001144560010288842
77.55999755859375,0.7232000231742859,108.80000305175781,1.2587000131607056,0.00011202510358998552
78.5,0.7218999862670898,108.69000244140625,1.257699966430664,0.00011630189692368731
79.76000213623047,0.7200999855995178,107.76399993896484,1.2589000463485718,0.00010532270243857056
80.37999725341797,0.7134799957275391,106.58699798583984,1.2483199834823608,9.836319804890081e-05
79.0199966430664,0.7090100049972534,106.11100006103516,1.2482000589370728,9.771450277185068e-05
79.0199966430664,0.7126799821853638,106.26100158691406,1.255679965019226,8.908449672162533e-05
78.80000305175781,0.7146599888801575,106.70899963378906,1.256700038909912,8.769080159254372e-05
79.12000274658203,0.7142300009727478,107.38099670410156,1.2647000551223755,9.354190115118399e-05
78.19999694824219,0.7189000248908997,107.55500030517578,1.2697700262069702,9.994999709306285e-05
80.4800033569336,0.7166900038719177,106.81400299072266,1.2711999416351318,9.707699791761115e-05
81.66000366210938,0.7159199714660645,107.0739974975586,1.2648500204086304,9.646270336816087e-05
81.69000244140625,0.7160000205039978,107.06900024414062,1.268399953842163,9.323489939561114e-05
80.75,0.7191100120544434,107.4260025024414,1.277109980583191,9.617330215405673e-05
79.5999984741211,0.7270500063896179,106.63999938964844,1.2833000421524048,9.131590195465833e-05
80.58999633789062,0.7259299755096436,106.16300201416016,1.283210039138794,9.020059951581061e-05
81.7699966430664,0.7249000072479248,105.55599975585938,1.2888100147247314,8.64058019942604e-05
83.91000366210938,0.7218999862670898,106.25,1.2979899644851685,9.276519995182753e-05
83.94999694824219,0.7194200158119202,105.53700256347656,1.29489004611969,0.00010034550359705463
84.86000061035156,0.7190999984741211,106.18599700927734,1.290619969367981,0.00010643949644872919
86.52999877929688,0.72434002161026,106.40599822998047,1.2896100282669067,0.00010709449998103082
85.88999938964844,0.7217400074005127,106.89099884033203,1.2812199592590332,0.00010863519855774939
85.25,0.7190300226211548,106.26000213623047,1.284209966659546,0.00010875650332309306
84.37000274658203,0.7156999707221985,106.50800323486328,1.295699954032898,0.00012092180259060115
84.08000183105469,0.7157400250434875,106.15499877929688,1.295199990272522,0.00012046939809806645
83.97000122070312,0.7174299955368042,106.30899810791016,1.3051700592041016,0.00011992779764113948
83.62000274658203,0.7171800136566162,105.96900177001953,1.3092000484466553,0.00011586610344238579
84.1500015258789,0.7129999995231628,105.99600219726562,1.3080600500106812,0.00011218980216654018
84.20999908447266,0.7140399813652039,106.46900177001953,1.3074400424957275,0.00011199110304005444
82.0199966430664,0.7069000005722046,105.92900085449219,1.289720058441162,0.00011456759966677055
80.72000122070312,0.7084800004959106,104.96800231933594,1.2931100130081177,0.00011261740291956812
83.5,0.7023000121116638,105.5,1.2836099863052368,0.00012766440340783447
81.91999816894531,0.7053999900817871,105.49299621582031,1.287850022315979,0.00012571530533023179
83.48999786376953,0.7102100253105164,106.81199645996094,1.291890025138855,0.00013955369649920613
86.22000122070312,0.7127900123596191,106.47899627685547,1.288699984550476,0.0001451269054086879
86.22000122070312,0.7127900123596191,106.47899627685547,1.288699984550476,0.0001451269054086879
85.52999877929688,0.7119100093841553,105.79900360107422,1.292099952697754,0.00013411820691544563
86.6500015258789,0.7107999920845032,106.43599700927734,1.2806199789047241,0.00014590359933208674
86.22000122070312,0.7098199725151062,106.77400207519531,1.2754499912261963,0.00014681120228487998
86.30999755859375,0.7138400077819824,107.052001953125,1.276919960975647,0.00015068589709699154
85.19999694824219,0.7138400077819824,107.052001953125,1.276919960975647,0.00015068589709699154
85.29000091552734,0.7073000073432922,106.7490005493164,1.2702000141143799,0.0001463108928874135
85.94999694824219,0.7051100134849548,107.11299896240234,1.2593400478363037,0.00014350659330375493
85.75,0.704770028591156,106.8290023803711,1.256700038909912,0.00012675480684265494
86.62000274658203,0.7023400068283081,107.22200012207031,1.2588800191879272,0.0001266470062546432
85.93000030517578,0.7023400068283081,107.22200012207031,1.2588800191879272,0.0001266470062546432
85.9800033569336,0.6972500085830688,107.0459976196289,1.256600022315979,0.00012654879537876695
85.9000015258789,0.6994699835777283,107.01599884033203,1.2558300495147705,0.00012249770225025713
85.6500015258789,0.704010009765625,107.34600067138672,1.2625999450683594,0.00012056459672749043
86.94000244140625,0.7099000215530396,107.43199920654297,1.2664899826049805,0.00011304760118946433
87.41999816894531,0.7099000215530396,107.43199920654297,1.2664899826049805,0.00011304760118946433
86.94999694824219,0.7174500226974487,108.76100158691406,1.2843999862670898,0.00010311939695384353
86.25,0.7146000266075134,108.8030014038086,1.2821300029754639,0.00011304880172247067
87.79000091552734,0.7174000144004822,109.36399841308594,1.2835999727249146,0.00010774109978228807
88.16000366210938,0.7184200286865234,109.30000305175781,1.2870299816131592,0.00011127119796583429
88.80000305175781,0.7184200286865234,109.30000305175781,1.2870299816131592,0.00011127119796583429
88.31999969482422,0.7261000275611877,109.322998046875,1.283139944076538,0.00010966099944198504
89.01000213623047,0.734790027141571,109.87200164794922,1.2845200300216675,0.00010827289952430874
87.91000366210938,0.7367100119590759,109.8270034790039,1.2882000207901,0.00010262869909638539
86.01000213623047,0.7367900013923645,109.09600067138672,1.2850600481033325,0.0001030846979119815
87.69999694824219,0.7367900013923645,109.09600067138672,1.2850600481033325,0.0001030846979119815
88.66000366210938,0.7368999719619751,108.94300079345703,1.2878999710083008,0.00010828579979715869
88.36000061035156,0.737820029258728,109.02400207519531,1.2943999767303467,0.00010723649756982923
90.08999633789062,0.7383000254631042,109.84700012207031,1.2849700450897217,0.00011057130177505314
90.37000274658203,0.7394599914550781,109.43599700927734,1.2769800424575806,0.00011846249981317669
90.54000091552734,0.7394599914550781,109.43599700927734,1.2769800424575806,0.00011846249981317669
90.4000015258789,0.7373300194740295,109.73100280761719,1.2799999713897705,0.00011750360135920346
89.94999694824219,0.7407299876213074,110.2969970703125,1.2872099876403809,0.0001194910000776872
90.23999786376953,0.738099992275238,110.35900115966797,1.2782000303268433,0.00012354340287856758
90.56999969482422,0.7398999929428101,110.8280029296875,1.2835500240325928,0.00012119790335418656
90.06999969482422,0.7398999929428101,110.8280029296875,1.2835500240325928,0.00012119790335418656
91.20999908447266,0.7444999814033508,110.97799682617188,1.277590036392212,0.00012435059761628509
91.51000213623047,0.7439900040626526,110.72599792480469,1.281599998474121,0.00013231330376584083
91.88999938964844,0.7478700280189514,109.86900329589844,1.283400058746338,0.0001317985006608069
92.61000061035156,0.747189998626709,109.31199645996094,1.2883000373840332,0.00013368729560170323
92.77999877929688,0.747189998626709,109.31199645996094,1.2883000373840332,0.00013368729560170323
92.77999877929688,0.7509999871253967,109.38899993896484,1.2991700172424316,0.00013382239558268338
92.19999694824219,0.7544999718666077,108.39399719238281,1.3029999732971191,0.00013501620560418814
93.44000244140625,0.752810001373291,108.71199798583984,1.2893099784851074,0.00013343710452318192
91.86000061035156,0.7524799704551697,108.7490005493164,1.294409990310669,0.00013260050036478788
92.08999633789062,0.7524799704551697,108.7490005493164,1.294409990310669,0.00013260050036478788
93.11000061035156,0.7509499788284302,109.96299743652344,1.2924000024795532,0.00013099699572194368
93.30000305175781,0.745930016040802,109.85900115966797,1.2939000129699707,0.0001306509948335588
94.87000274658203,0.7450699806213379,110.125,1.2945799827575684,0.00013023820065427572
95.2300033569336,0.745199978351593,109.69400024414062,1.298200011253357,0.0001311489031650126
95.12999725341797,0.745199978351593,109.69400024414062,1.298200011253357,0.0001311489031650126
95.11000061035156,0.7476999759674072,110.38600158691406,1.2987200021743774,0.00015192119462881237
95.31999969482422,0.7477999925613403,110.4520034790039,1.3015899658203125,0.00015748280566185713
95.30999755859375,0.7472299933433533,110.24199676513672,1.2973300218582153,0.00014980489504523575
94.7699966430664,0.7543399930000305,110.6449966430664,1.3116099834442139,0.0001548808068037033
94.91999816894531,0.7543399930000305,110.6449966430664,1.3116099834442139,0.0001548808068037033
94.20999908447266,0.7542200088500977,110.13800048828125,1.321120023727417,0.00014771180576644838
93.98999786376953,0.7591099739074707,110.07099914550781,1.3278800249099731,0.00014756769814994186
93.88999938964844,0.7590000033378601,110.35199737548828,1.3306599855422974,0.0001485941029386595
94.12999725341797,0.7548400163650513,109.9520034790039,1.3317400217056274,0.0001643738942220807
93.5999984741211,0.7548400163650513,109.9520034790039,1.3317400217056274,0.0001643738942220807
91.87000274658203,0.7530999779701233,109.64299774169922,1.329759955406189,0.00016410469834227115
91.6500015258789,0.7563700079917908,110.09700012207031,1.3301600217819214,0.0001624133001314476
91.12000274658203,0.7621700167655945,110.21499633789062,1.3329399824142456,0.00016939280612859875
91.55000305175781,0.7648100256919861,110.48600006103516,1.3255200386047363,0.00016081570356618613
91.2699966430664,0.7648100256919861,110.48600006103516,1.3255200386047363,0.00016081570356618613
91.66999816894531,0.7608000040054321,110.87100219726562,1.3187400102615356,0.0001531489979242906
90.13999938964844,0.7578999996185303,110.40799713134766,1.3142000436782837,0.0001515713956905529
90.13999938964844,0.7559000253677368,110.50199890136719,1.3139100074768066,0.00015062189777381718
90.33000183105469,0.7560999989509583,110.5790023803711,1.313599944114685,0.00014984639710746706
90.11000061035156,0.7560999989509583,110.5790023803711,1.313599944114685,0.00014984639710746706
91.18000030517578,0.7544000148773193,110.9530029296875,1.3110300302505493,0.00015797909873072058
90.76000213623047,0.7542999982833862,110.83100128173828,1.3142999410629272,0.0001563793048262596
91.37999725341797,0.7570000290870667,111.95800018310547,1.3207000494003296,0.00016054429579526186
93.37000274658203,0.7587000131607056,112.66500091552734,1.3165199756622314,0.00016030650294851512
93.11000061035156,0.7587000131607056,112.66500091552734,1.3165199756622314,0.00016030650294851512
93.88999938964844,0.7554900050163269,112.3740005493164,1.3136299848556519,0.0001365926000289619
94.44999694824219,0.7630000114440918,113.01200103759766,1.3203400373458862,0.00013567089627031237
95.58999633789062,0.7646300196647644,112.79100036621094,1.316789984703064,0.0001339251030003652
95.0,0.7678700089454651,112.36299896240234,1.3259999752044678,0.00013597799988929182
95.0,0.7678700089454651,112.36299896240234,1.3259999752044678,0.00013597799988929182
95.51000213623047,0.7631999850273132,111.45999908447266,1.3169000148773193,0.00011870470189023763
95.2300033569336,0.7603300213813782,111.24099731445312,1.3150299787521362,0.00012222859368193895
94.11000061035156,0.7576000094413757,110.84500122070312,1.3037099838256836,0.00012576120207086205
94.05999755859375,0.7628499865531921,111.14600372314453,1.3069000244140625,0.00012247379345353693
95.68000030517578,0.7628499865531921,111.14600372314453,1.3069000244140625,0.00012247379345353693
92.51000213623047,0.7613000273704529,110.99400329589844,1.3028000593185425,0.00012852740474045277
91.4000015258789,0.7620999813079834,111.80799865722656,1.301800012588501,0.0001311491068918258
91.38999938964844,0.7618399858474731,111.62000274658203,1.2998499870300293,0.0001321501040365547
91.75,0.7681599855422974,111.69000244140625,1.3024499416351318,0.00013451000268105417
91.48999786376953,0.7681599855422974,111.69000244140625,1.3024499416351318,0.00013451000268105417
91.94000244140625,0.7724999785423279,111.33999633789062,1.3000999689102173,0.00014807969273533672
93.3499984741211,0.7724000215530396,111.34500122070312,1.3058799505233765,0.00015858419646974653
92.95999908447266,0.7763000130653381,110.89199829101562,1.301900029182434,0.00015224800154101104
92.81999969482422,0.7795199751853943,111.09100341796875,1.3045799732208252,0.00016168909496627748
92.12000274658203,0.7795199751853943,111.09100341796875,1.3045799732208252,0.00016168909496627748
92.0,0.7835299968719482,110.66100311279297,1.3132200241088867,0.0001612978958291933
92.55999755859375,0.786300003528595,111.24600219726562,1.3056000471115112,0.0001585158024681732
92.0999984741211,0.7877799868583679,110.57599639892578,1.3143399953842163,0.00015785990399308503
92.69000244140625,0.7864999771118164,111.00399780273438,1.3159500360488892,0.00015196109598036855
93.04000091552734,0.7864999771118164,111.00399780273438,1.3159500360488892,0.00015196109598036855
93.16000366210938,0.7809900045394897,109.947998046875,1.3041499853134155,0.0001541126985102892
92.52999877929688,0.7748600244522095,110.13400268554688,1.3034299612045288,0.00015682069351896644
92.86000061035156,0.7749099731445312,110.58799743652344,1.3007700443267822,0.00015302500105462968
93.30999755859375,0.7806000113487244,111.36699676513672,1.3101400136947632,0.00014881040260661393
94.7300033569336,0.7806000113487244,111.36699676513672,1.3101400136947632,0.00014881040260661393
95.0199966430664,0.7753900289535522,111.13700103759766,1.2963299751281738,0.0001409188989782706
95.0999984741211,0.7771400213241577,111.16200256347656,1.2929500341415405,0.00014190109504852444
94.8499984741211,0.7671099901199341,111.71199798583984,1.2904200553894043,0.00014330279373098165
94.5,0.7685800194740295,110.9990005493164,1.2985899448394775,0.00014209430082701147
95.44000244140625,0.7685800194740295,110.9990005493164,1.2985899448394775,0.00014209430082701147
95.44000244140625,0.7770599722862244,111.08799743652344,1.3094700574874878,0.00013583889813162386
96.73999786376953,0.7777000069618225,111.46099853515625,1.317430019378662,0.00014721399929840118
94.5,0.7742999792098999,111.4489974975586,1.3174400329589844,0.00015315880591515452
93.08000183105469,0.7736700177192688,110.49500274658203,1.3154799938201904,0.0001546294952277094
93.1500015258789,0.7736700177192688,110.49500274658203,1.3154799938201904,0.0001546294952277094
93.4000015258789,0.7676699757575989,111.14800262451172,1.316230058670044,0.0001581977994646877
93.76000213623047,0.768310010433197,111.60700225830078,1.306249976158142,0.0001574357011122629
91.5199966430664,0.7665500044822693,111.22000122070312,1.2999999523162842,0.0001534375041956082
91.8499984741211,0.7627000212669373,112.01200103759766,1.3005399703979492,0.0001535459014121443
90.7300033569336,0.7627000212669373,112.01200103759766,1.3005399703979492,0.0001535459014121443
89.12000274658203,0.760670006275177,111.69000244140625,1.3063499927520752,0.0001569537998875603
90.08999633789062,0.7593899965286255,112.2770004272461,1.297160029411316,0.00015628570690751076
89.97000122070312,0.7609699964523315,112.31700134277344,1.2918100357055664,0.0001533820031909272
89.8499984741211,0.7535300254821777,112.49500274658203,1.2908799648284912,0.0001484792010160163
90.55000305175781,0.7535300254821777,112.49500274658203,1.2908799648284912,0.0001484792010160163
89.88999938964844,0.7623500227928162,112.78600311279297,1.2948700189590454,0.00015512369282077998
87.68000030517578,0.7587299942970276,112.96900177001953,1.2957199811935425,0.0001539646036690101
85.91999816894531,0.7591400146484375,112.7040023803711,1.303670048713684,0.00014977350656408817
86.44999694824219,0.7645999789237976,113.35700225830078,1.3036400079727173,0.00015050880028866231
85.80000305175781,0.7645999789237976,113.35700225830078,1.3036400079727173,0.00015050880028866231
87.12999725341797,0.7666599750518799,113.94599914550781,1.281209945678711,0.00015252969751600176
85.91999816894531,0.7702999711036682,113.5770034790039,1.2818900346755981,0.000153784902067855
85.76000213623047,0.7727599740028381,114.48600006103516,1.2877999544143677,0.00015205220552161336
85.83000183105469,0.767799973487854,113.89399719238281,1.2920000553131104,0.0001510008005425334
85.52999877929688,0.767799973487854,113.89399719238281,1.2920000553131104,0.0001510008005425334
84.94000244140625,0.763759970664978,113.09700012207031,1.2954000234603882,0.0001505426043877378
84.44999694824219,0.7600499987602234,112.99800109863281,1.2937999963760376,0.00015184810035862029
81.97000122070312,0.7571899890899658,112.09200286865234,1.3050899505615234,0.00015984040510375053
79.6500015258789,0.755620002746582,112.08000183105469,1.3031200170516968,0.00015937320131342858
80.0199966430664,0.755620002746582,112.08000183105469,1.3031200170516968,0.00015937320131342858
80.01000213623047,0.7601799964904785,111.84100341796875,1.2993299961090088,0.00015160450129769742
81.93000030517578,0.7583100199699402,112.34200286865234,1.2935600280761719,0.0001528017019154504
80.62999725341797,0.7631000280380249,112.62799835205078,1.3025000095367432,0.00015439940034411848
79.95999908447266,0.767799973487854,112.18499755859375,1.3078900575637817,0.0001546691928524524
80.72000122070312,0.767799973487854,112.18499755859375,1.3078900575637817,0.0001546691928524524
81.01000213623047,0.7712500095367432,112.75700378417969,1.3097000122070312,0.0001544224942335859
81.6500015258789,0.7703400254249573,112.44400024414062,1.3080699443817139,0.0001539446966489777
81.48999786376953,0.7759000062942505,112.01200103759766,1.3047499656677246,0.00015440939750988036
83.58999633789062,0.7797499895095825,112.3499984741211,1.307070016860962,0.0001544460974400863
83.51000213623047,0.7797499895095825,112.3499984741211,1.307070016860962,0.0001544460974400863
84.08000183105469,0.7793599963188171,111.90799713134766,1.3095500469207764,0.00015791230543982238
85.83000183105469,0.7810999751091003,112.3239974975586,1.312880039215088,0.00015787140000611544
86.70999908447266,0.7868499755859375,113.052001953125,1.311400055885315,0.00015828770119696856
87.0,0.7831199765205383,112.85099792480469,1.315750002861023,0.00015679439820814878
87.0,0.7690100073814392,112.71499633789062,1.3090200424194336,0.00015653269656468183
88.76000213623047,0.7688999772071838,113.13899993896484,1.3100700378417969,0.00015577150043100119
89.61000061035156,0.7658100128173828,113.24600219726562,1.310920000076294,0.0001547746069263667
90.76000213623047,0.7626299858093262,113.36299896240234,1.3116300106048584,0.00015313610492739826
91.33999633789062,0.7616999745368958,113.5469970703125,1.3115700483322144,0.00015494940453208983
90.4000015258789,0.7652999758720398,113.9530029296875,1.3142800331115723,0.00015660190547350794
88.5999984741211,0.7728899717330933,113.84600067138672,1.319290041923523,0.00015695460024289787
88.6500015258789,0.7777299880981445,113.69599914550781,1.3242000341415405,0.00015724530385341495
85.88999938964844,0.7684000134468079,113.78900146484375,1.3224600553512573,0.00017426609701942652
88.08000183105469,0.7700499892234802,113.56400299072266,1.3246999979019165,0.0001770529052009806
88.73999786376953,0.78329998254776,113.55500030517578,1.317199945449829,0.00017935449432116002
88.98999786376953,0.779229998588562,112.7300033569336,1.314650058746338,0.00020527599554043263
87.43000030517578,0.7776200175285339,112.44300079345703,1.3171600103378296,0.00022462470224127173
87.26000213623047,0.7819100022315979,112.7030029296875,1.3305000066757202,0.00021728880528826267
87.26000213623047,0.7826399803161621,113.02100372314453,1.3224999904632568,0.00022904570505488664
87.86000061035156,0.776639997959137,112.97799682617188,1.31905996799469,0.00023003789829090238
89.43000030517578,0.7804999947547913,112.91899871826172,1.32260000705719,0.00026461121160537004
89.45999908447266,0.7804999947547913,113.50399780273438,1.325350046157837,0.0002617308055050671
89.93000030517578,0.7846999764442444,113.76699829101562,1.3295400142669678,0.00023488400620408356
90.38999938964844,0.7797799706459045,113.55500030517578,1.3276000022888184,0.00023370780400000513
91.31999969482422,0.7821999788284302,113.41100311279297,1.3274999856948853,0.00024892541114240885
92.6500015258789,0.7840999960899353,113.76300048828125,1.3255599737167358,0.00025679668760858476
90.4000015258789,0.7857999801635742,113.58699798583984,1.3197699785232544,0.00025272349012084305
90.4000015258789,0.7861300110816956,112.6989974975586,1.3255000114440918,0.0002663829072844237
89.88999938964844,0.7856900095939636,113.0510025024414,1.3359999656677246,0.00028400198789313436
87.36000061035156,0.7825599908828735,112.68900299072266,1.3393700122833252,0.00029240301228128374
87.0999984741211,0.7860999703407288,112.50199890136719,1.3327399492263794,0.00028549760463647544
87.30999755859375,0.7961000204086304,113.18099975585938,1.3397899866104126,0.0002920058905147016
87.48999786376953,0.8004500269889832,113.38400268554688,1.337839961051941,0.0002867835864890367
87.0199966430664,0.7918499708175659,113.28500366210938,1.3345999717712402,0.00030177950975485146
86.54000091552734,0.7901999950408936,113.55999755859375,1.3346999883651733,0.00030840549152344465
85.25,0.7945600152015686,113.38999938964844,1.3387900590896606,0.00028201870736666024
83.73999786376953,0.7926599979400635,112.8290023803711,1.341230034828186,0.00027055840473622084
83.01000213623047,0.7901999950408936,112.52400207519531,1.3457000255584717,0.00026695491396822035
81.01000213623047,0.7918999791145325,112.41000366210938,1.3474899530410767,0.0002418707008473575
79.51000213623047,0.7892799973487854,111.1709976196289,1.3498400449752808,0.0002566376933827996
76.75,0.7905799746513367,111.05400085449219,1.3595399856567383,0.0002451821928843856
76.75,0.7867299914360046,110.31099700927734,1.36080002784729,0.00026208951021544635
79.2699966430664,0.788100004196167,110.4020004272461,1.3586000204086304,0.0002592488890513778
80.69000244140625,0.7905899882316589,111.20600128173828,1.357300043106079,0.00027361029060557485
80.52999877929688,0.7907500267028809,110.8550033569336,1.361899971961975,0.00025484731304459274
81.56999969482422,0.7878000140190125,110.33000183105469,1.3622000217437744,0.0002671868132892996
81.56999969482422,0.7850499749183655,109.62999725341797,1.3394299745559692,0.00026017820346169174
81.0,0.7840499877929688,109.66799926757812,1.3625400066375732,0.0002535876992624253
78.81999969482422,0.7986000180244446,107.44100189208984,1.3631199598312378,0.0002606378111522645
81.94999694824219,0.7918400168418884,107.80799865722656,1.3478800058364868,0.00025922060012817383
79.80999755859375,0.7852399945259094,108.52200317382812,1.3369300365447998,0.000248431897489354
79.58000183105469,0.7821000218391418,108.61599731445312,1.3295999765396118,0.0002480868133716285
79.97000122070312,0.7850599884986877,108.7760009765625,1.3246999979019165,0.00024781329557299614
80.55000305175781,0.7812700271606445,108.18900299072266,1.3211499452590942,0.0002718186005949974
80.69999694824219,0.7840700149536133,108.2979965209961,1.3238999843597412,0.0002711963024921715
80.52999877929688,0.778219997882843,108.45800018310547,1.326740026473999,0.00026982888812199235
81.04000091552734,0.7767000198364258,108.25,1.3276100158691406,0.0002754309098236263
82.95999908447266,0.7768700122833252,108.64399719238281,1.3259600400924683,0.00027359731029719114
82.44000244140625,0.7760499715805054,109.03700256347656,1.3258700370788574,0.00027184520149603486
83.13999938964844,0.7701799869537354,109.15299987792969,1.3280199766159058,0.00027338540530763566
83.13999938964844,0.777999997138977,109.66100311279297,1.3274999856948853,0.0002796394983306527
83.4000015258789,0.7756900191307068,109.66999816894531,1.3294999599456787,0.0002774251042865217
84.7300033569336,0.7717400193214417,109.3550033569336,1.3356000185012817,0.0002789304999168962
84.98999786376953,0.7644000053405762,109.49199676513672,1.3341100215911865,0.00027771099121309817
85.69000244140625,0.7620999813079834,109.59700012207031,1.3350499868392944,0.0002777957997750491
86.06999969482422,0.7570899724960327,109.4000015258789,1.322100043296814,0.0002881470136344433
85.80999755859375,0.7598699927330017,109.25399780273438,1.3260300159454346,0.00029001341317780316
86.69000244140625,0.7645000219345093,109.41699981689453,1.327139973640442,0.0002868468000087887
88.04000091552734,0.7623599767684937,108.98100280761719,1.3141000270843506,0.0002892017946578562
87.37999725341797,0.7628099918365479,108.84400177001953,1.3125900030136108,0.00028670168831013143
86.95999908447266,0.764680027961731,109.43800354003906,1.3099000453948975,0.0002890879986807704
86.80999755859375,0.7674000263214111,109.96099853515625,1.311650037765503,0.0002884872956201434
86.93000030517578,0.7717700004577637,109.94100189208984,1.312399983406067,0.00029293150873854756
86.81999969482422,0.7731299996376038,109.9739990234375,1.3213000297546387,0.00029416338657028973
87.05999755859375,0.7722499966621399,109.75599670410156,1.331089973449707,0.00027271881117485464
86.69999694824219,0.7729899883270264,109.80999755859375,1.3273999691009521,0.00027409050380811095
87.56999969482422,0.7773600220680237,110.4000015258789,1.3300000429153442,0.0002737079921644181
87.98999786376953,0.7756699919700623,110.51499938964844,1.3228600025177002,0.0002753250009845942
87.16000366210938,0.7778000235557556,110.9229965209961,1.325909972190857,0.00027648129616864026
87.76000213623047,0.7813500165939331,110.53800201416016,1.329699993133545,0.0002761812065728009
87.76000213623047,0.7748600244522095,110.56400299072266,1.3238999843597412,0.00025538119371049106
87.81999969482422,0.7737500071525574,110.59100341796875,1.3234000205993652,0.0002533509104978293
88.08000183105469,0.7656199932098389,110.5719985961914,1.320889949798584,0.0002500111877452582
88.06999969482422,0.766569972038269,110.76499938964844,1.3170000314712524,0.0002529009070713073
89.04000091552734,0.766789972782135,110.70800018310547,1.322540044784546,0.0002496551023796201
90.13999938964844,0.7653700113296509,110.77200317382812,1.313099980354309,0.0002575530088506639
91.0999984741211,0.7617800235748291,111.0459976196289,1.318519949913025,0.00025944659137167037
90.80000305175781,0.7542600035667419,110.55599975585938,1.3162000179290771,0.0002596696140244603
91.56999969482422,0.7508500218391418,110.86199951171875,1.3144999742507935,0.00025941780768334866
91.98999786376953,0.7538700103759766,111.35700225830078,1.3164299726486206,0.0002590953081380576
90.1500015258789,0.755299985408783,111.93800354003906,1.3283599615097046,0.0002658473968040198
88.73999786376953,0.7588099837303162,111.7770004272461,1.3311899900436401,0.0002566488110460341
87.66999816894531,0.7600700259208679,111.86599731445312,1.3353300094604492,0.0002561513101682067
85.97000122070312,0.7585999965667725,111.62300109863281,1.3443000316619873,0.00025565738906152546
83.44000244140625,0.7638000249862671,111.63400268554688,1.3444700241088867,0.0002563358866609633
84.0199966430664,0.7699199914932251,111.08000183105469,1.3417999744415283,0.00025606699637137353
83.81999969482422,0.754800021648407,111.34200286865234,1.339460015296936,0.00025580968940630555
85.05000305175781,0.7652999758720398,111.30599975585938,1.3357000350952148,0.0002559694112278521
83.98999786376953,0.7526900172233582,111.19599914550781,1.3294999599456787,0.0002548180054873228
83.55000305175781,0.7542300224304199,111.75299835205078,1.3324700593948364,0.00025246720178984106
84.23999786376953,0.7520400285720825,111.56099700927734,1.3341000080108643,0.00024798468803055584
84.13999938964844,0.7538999915122986,111.37300109863281,1.3336999416351318,0.0002456284128129482
83.36000061035156,0.7534999847412109,111.4010009765625,1.332200050354004,0.0002446497092023492
84.3499984741211,0.7572699785232544,110.66000366210938,1.3286000490188599,0.0002481804112903774
83.88999938964844,0.7614799737930298,110.80599975585938,1.3365000486373901,0.00024851091438904405
84.91000366210938,0.7572000026702881,110.08100128173828,1.3424999713897705,0.0002523295988794416
85.81999969482422,0.7566999793052673,110.06800079345703,1.3392000198364258,0.00025093590375036
86.0999984741211,0.7569199800491333,110.55400085449219,1.3379100561141968,0.0002446743019390851
86.73999786376953,0.7602999806404114,110.48999786376953,1.3411699533462524,0.00024575419956818223
87.48999786376953,0.7659000158309937,110.63700103759766,1.3430500030517578,0.0002439991949358955
88.4000015258789,0.7651699781417847,111.45099639892578,1.3310999870300293,0.0002049231989076361
89.01000213623047,0.7617499828338623,111.30500030517578,1.3343000411987305,0.0002010850002989173
89.30000305175781,0.758899986743927,111.3949966430664,1.3342000246047974,0.000203136500203982
89.18000030517578,0.7646999955177307,111.65799713134766,1.3364700078964233,0.00019854340644087642
88.58999633789062,0.7646999955177307,111.65799713134766,1.3364700078964233,0.00019854340644087642
88.76000213623047,0.765500009059906,111.45600128173828,1.3313599824905396,0.0001921244984259829
87.69999694824219,0.7658600211143494,111.1050033569336,1.3327800035476685,0.00018780920072458684
87.5,0.7634000182151794,110.98500061035156,1.331779956817627,0.000197453293367289
87.02999877929688,0.7659299969673157,111.62100219726562,1.3377900123596191,0.00019648150191642344
87.80000305175781,0.7659299969673157,111.62100219726562,1.3377900123596191,0.00019648150191642344
88.47000122070312,0.7631999850273132,111.94300079345703,1.3367999792099,0.00019100159988738596
89.75,0.7664999961853027,111.99299621582031,1.3359299898147583,0.00019040590268559754
90.19999694824219,0.7669100165367126,112.03600311279297,1.3348000049591064,0.00018873669614549726
89.98999786376953,0.7695599794387817,111.98899841308594,1.3375999927520752,0.00018854360678233206
89.98999786376953,0.7695599794387817,111.98899841308594,1.3375999927520752,0.00018854360678233206
89.7300033569336,0.770330011844635,111.92900085449219,1.334529995918274,0.00017945709987543523
89.6500015258789,0.7729099988937378,111.87699890136719,1.342769980430603,0.00018298710347153246
89.18000030517578,0.7749000191688538,112.12999725341797,1.3493000268936157,0.00019191959290765226
89.44000244140625,0.7754300236701965,111.53900146484375,1.3478000164031982,0.0001894173037726432
89.86000061035156,0.7754300236701965,111.53900146484375,1.3478000164031982,0.0001894173037726432
91.44999694824219,0.7732499837875366,111.677001953125,1.3454699516296387,0.00018689049466047436
92.19999694824219,0.7668799757957458,111.3949966430664,1.3387900590896606,0.000185092692845501
92.31999969482422,0.7660999894142151,111.4520034790039,1.3438899517059326,0.0001816436997614801
92.26000213623047,0.767270028591156,111.49500274658203,1.3469200134277344,0.00017336159362457693
92.12000274658203,0.767270028591156,111.49500274658203,1.3469200134277344,0.00017336159362457693
92.7300033569336,0.7634000182151794,110.80500030517578,1.3448899984359741,0.00017154129454866052
90.9000015258789,0.7651799917221069,110.25700378417969,1.3468999862670898,0.00016715540550649166
90.98999786376953,0.7685199975967407,110.02799987792969,1.3472299575805664,0.0001619557006051764
91.16000366210938,0.7686600089073181,109.80699920654297,1.3465299606323242,0.00015676810289733112
92.51000213623047,0.7686600089073181,109.80699920654297,1.3465299606323242,0.00015676810289733112
90.9000015258789,0.7714200019836426,109.15399932861328,1.347599983215332,0.00012508730287663639
91.16999816894531,0.7748000025749207,109.6709976196289,1.3459999561309814,0.0001218744000652805
90.76000213623047,0.7783600091934204,109.4749984741211,1.3441599607467651,0.0001268244959646836
90.93000030517578,0.7813900113105774,109.87100219726562,1.3461999893188477,0.00013616749492939562
90.30000305175781,0.7813900113105774,109.87100219726562,1.3461999893188477,0.00013616749492939562
90.26000213623047,0.7856000065803528,110.06999969482422,1.3427200317382812,0.00012557560694403946
91.27999877929688,0.7856000065803528,110.06999969482422,1.3427200317382812,0.0001302072050748393
90.36000061035156,0.7896299958229065,110.22100067138672,1.343649983406067,0.0001268737978534773
90.0199966430664,0.7896000146865845,109.55799865722656,1.3473600149154663,0.0001251976063940674
90.02999877929688,0.7896000146865845,109.55799865722656,1.3473600149154663,0.0001251976063940674
90.02999877929688,0.7885000109672546,109.50900268554688,1.3437999486923218,0.00011467940203147009
89.97000122070312,0.7899100184440613,109.34600067138672,1.3487499952316284,0.00011548030306585133
90.33999633789062,0.7918000221252441,109.54199981689453,1.351199984550476,0.0001201998966280371
90.6500015258789,0.7930399775505066,109.35700225830078,1.352489948272705,0.00011662489851005375
90.63999938964844,0.7930399775505066,109.35700225830078,1.352489948272705,0.00011662489851005375
90.70999908447266,0.7896299958229065,108.0270004272461,1.3441499471664429,0.0001297392009291798
92.76000213623047,0.7872300148010254,108.25399780273438,1.3390400409698486,0.0001278081035707146
96.18000030517578,0.7881100177764893,108.3280029296875,1.3420000076293945,0.00012784420687239617
95.88999938964844,0.7875000238418579,108.4540023803711,1.3353999853134155,0.0001243169972440228
96.16000366210938,0.7875000238418579,108.4540023803711,1.3353999853134155,0.0001243169972440228
96.66999816894531,0.7879499793052673,108.35900115966797,1.3265199661254883,0.00012613979924935848
95.26000213623047,0.7858899831771851,108.4739990234375,1.3280199766159058,0.00012276180495973676
95.44999694824219,0.7878100275993347,108.48799896240234,1.333299994468689,0.00012149300164310262
95.44000244140625,0.788640022277832,108.32099914550781,1.3327300548553467,0.00011502410052344203
95.70999908447266,0.788640022277832,108.32099914550781,1.3327300548553467,0.00011502410052344203
95.16999816894531,0.7973499894142151,108.53900146484375,1.340999960899353,0.00011011079914169386
95.91000366210938,0.7957599759101868,108.572998046875,1.337399959564209,0.00010783389734569937
96.51000213623047,0.7900999784469604,108.11499786376953,1.3269699811935425,0.00010496310278540477
97.73999786376953,0.7869099974632263,107.2770004272461,1.318310022354126,9.857500117504969e-05
98.29000091552734,0.7869099974632263,107.2770004272461,1.318310022354126,9.857500117504969e-05
96.87000274658203,0.7849500179290771,107.3270034790039,1.3180999755859375,8.481099939672276e-05
98.0,0.7879800200462341,107.16600036621094,1.3178399801254272,7.68272002460435e-05
94.61000061035156,0.7875000238418579,107.73799896240234,1.3121000528335571,8.94230033736676e-05
96.16999816894531,0.7888000011444092,107.74700164794922,1.3094300031661987,8.059749961830676e-05
96.16999816894531,0.7888000011444092,107.74700164794922,1.3094300031661987,8.059749961830676e-05
97.1500015258789,0.7908499836921692,108.36599731445312,1.3131999969482422,9.25782005651854e-05
99.66000366210938,0.7937600016593933,107.80500030517578,1.3095999956130981,8.360319770872593e-05
101.41999816894531,0.7947400212287903,107.77899932861328,1.305709958076477,8.916280057746917e-05
101.41999816894531,0.7947199940681458,107.80799865722656,1.3048399686813354,9.10875023691915e-05
101.05000305175781,0.7947199940681458,107.80799865722656,1.3048399686813354,9.10875023691915e-05
100.83999633789062,0.7989500164985657,108.72100067138672,1.3102099895477295,7.9530400398653e-05
101.61000061035156,0.8026599884033203,108.92400360107422,1.3125,8.226039790315554e-05
103.0199966430664,0.7994800209999084,108.33399963378906,1.3072999715805054,8.80384977790527e-05
104.01000213623047,0.7985000014305115,108.58799743652344,1.3067500591278076,8.463110134471208e-05
104.27999877929688,0.7985000014305115,108.58799743652344,1.3067500591278076,8.463110134471208e-05
104.22000122070312,0.7988499999046326,107.88899993896484,1.3047499656677246,0.00010551149898674339
103.29000091552734,0.8056700229644775,108.20099639892578,1.308650016784668,0.00010315870167687535
102.63999938964844,0.8041999936103821,107.93699645996094,1.305299997329712,9.375160152558237e-05
103.13999938964844,0.7973300218582153,107.4010009765625,1.3035600185394287,9.496020356891677e-05
101.7300033569336,0.7973300218582153,107.4010009765625,1.3035600185394287,9.496020356891677e-05
101.77999877929688,0.801609992980957,107.90399932861328,1.312600016593933,0.00010100229701492935
100.86000061035156,0.8039199709892273,108.23200225830078,1.3139100074768066,0.00010191679757554084
98.22000122070312,0.8008999824523926,108.18900299072266,1.3142800331115723,0.00010088940325658768
97.61000061035156,0.8029900193214417,108.66600036621094,1.3157999515533447,0.00010131399903912097
98.05999755859375,0.8029900193214417,108.66600036621094,1.3157999515533447,0.00010131399903912097
96.66999816894531,0.8184999823570251,108.86599731445312,1.316349983215332,0.00010408619709778577
96.80000305175781,0.8222600221633911,108.56199645996094,1.3147599697113037,9.915100235957652e-05
96.37000274658203,0.8227900266647339,108.81999969482422,1.3193000555038452,9.615690214559436e-05
97.6500015258789,0.8247900009155273,107.43099975585938,1.3213900327682495,9.507349750492722e-05
97.94999694824219,0.8247900009155273,107.43099975585938,1.3213900327682495,9.507349750492722e-05
94.36000061035156,0.8224899768829346,105.59300231933594,1.3214099407196045,8.712190174264833e-05
95.8499984741211,0.8217099905014038,106.33699798583984,1.328029990196228,8.373829768970609e-05
96.12000274658203,0.8234999775886536,106.12100219726562,1.3311500549316406,8.356729813385755e-05
98.26000213623047,0.8234699964523315,105.8740005493164,1.3228000402450562,8.429620356764644e-05
98.54000091552734,0.8234699964523315,105.8740005493164,1.3228000402450562,8.429620356764644e-05
96.58000183105469,0.8278999924659729,105.35800170898438,1.3236199617385864,9.177820174954832e-05
97.93000030517578,0.8288999795913696,106.58999633789062,1.3212000131607056,9.948560182237998e-05
95.31999969482422,0.8291599750518799,105.91600036621094,1.3309999704360962,9.697869973024353e-05
96.9800033569336,0.827019989490509,106.08300018310547,1.3316899538040161,9.639169729780406e-05
97.52999877929688,0.827019989490509,106.08300018310547,1.3316899538040161,9.639169729780406e-05
99.41999816894531,0.8242999911308289,106.5739974975586,1.3327800035476685,9.290890011470765e-05
98.91000366210938,0.8222100138664246,106.27400207519531,1.3315000534057617,9.863830200629309e-05
99.31999969482422,0.8242499828338623,106.59700012207031,1.3286000490188599,9.870639769360423e-05
100.12999725341797,0.8162000179290771,106.46800231933594,1.3295300006866455,9.608030086383224e-05
97.5199966430664,0.8162000179290771,106.46800231933594,1.3295300006866455,9.608030086383224e-05
98.66999816894531,0.8181999921798706,105.97799682617188,1.325219988822937,9.817880345508456e-05
98.2699966430664,0.8141199946403503,105.73799896240234,1.3285200595855713,0.00010251760249957442
98.52999877929688,0.8184300065040588,106.06999969482422,1.3307000398635864,0.00010515029862290248
99.7699966430664,0.820580005645752,106.43800354003906,1.3280999660491943,0.0001041865034494549
99.83999633789062,0.820580005645752,106.43800354003906,1.3280999660491943,0.0001041865034494549
99.83999633789062,0.8287299871444702,106.19300079345703,1.333299994468689,9.413059888174757e-05
99.52999877929688,0.8270999789237976,105.86100006103516,1.3338299989700317,9.43886989261955e-05
99.91000366210938,0.8163999915122986,106.32499694824219,1.3225300312042236,9.455790132051334e-05
102.0199966430664,0.8114299774169922,107.0719985961914,1.3229000568389893,9.658750059315935e-05
104.26000213623047,0.8114299774169922,107.0719985961914,1.3229000568389893,9.658750059315935e-05
102.83999633789062,0.8100200295448303,107.33699798583984,1.316890001296997,9.885350300464779e-05
98.1500015258789,0.8094000220298767,107.5999984741211,1.3145699501037598,9.824750304687768e-05
98.18000030517578,0.8107200264930725,108.02100372314453,1.3184499740600586,9.606029925635085e-05
99.0,0.8110700249671936,108.1760025024414,1.3211499452590942,9.652000153437257e-05
99.5199966430664,0.8110700249671936,108.1760025024414,1.3211499452590942,9.652000153437257e-05
99.27999877929688,0.8046000003814697,108.16100311279297,1.324079990386963,9.764410060597584e-05
102.7300033569336,0.7998300194740295,108.08699798583984,1.3238999843597412,9.805610170587897e-05
102.62000274658203,0.8018900156021118,108.42500305175781,1.3293999433517456,9.740499808685854e-05
101.68000030517578,0.7983999848365784,108.04100036621094,1.3257299661636353,9.821599815040827e-05
100.68000030517578,0.7983999848365784,108.04100036621094,1.3257299661636353,9.821599815040827e-05
100.25,0.8042100071907043,107.61399841308594,1.326069951057434,0.00011600169818848372
101.37000274658203,0.8008999824523926,107.16300201416016,1.3240599632263184,0.00011782740330090746
102.76000213623047,0.8090900182723999,107.69200134277344,1.325700044631958,0.00012316840002313256
101.81999969482422,0.8108999729156494,107.75599670410156,1.326799988746643,0.00012118500308133662
100.08000183105469,0.8108999729156494,107.75599670410156,1.326799988746643,0.00012118500308133662
99.3499984741211,0.8136699795722961,108.06900024414062,1.3242000341415405,0.00011985700257355347
98.58999633789062,0.8135200142860413,107.73699951171875,1.3216999769210815,0.00011914630158571526
95.73999786376953,0.812720000743866,107.16300201416016,1.3328299522399902,0.00012106550275348127
97.13999938964844,0.8102200031280518,106.82599639892578,1.3336700201034546,0.00012186299863969907
99.2300033569336,0.8102200031280518,106.82599639892578,1.3336700201034546,0.00012186299863969907
99.01000213623047,0.8137999773025513,107.2509994506836,1.33024001121521,0.00012152470299042761
97.08000183105469,0.8183599710464478,106.96099853515625,1.3321399688720703,0.00011633669782895595
97.33000183105469,0.8187999725341797,107.1780014038086,1.3335000276565552,0.000116462200821843
98.55999755859375,0.8043000102043152,107.87999725341797,1.3285900354385376,0.00012016690016025677
99.30999755859375,0.8043000102043152,107.87999725341797,1.3285900354385376,0.00012016690016025677
98.3499984741211,0.7929099798202515,108.38800048828125,1.3223999738693237,0.00012187140237074345
97.91999816894531,0.7836599946022034,108.81700134277344,1.320199966430664,0.0001242618018295616
98.05999755859375,0.7797999978065491,108.677001953125,1.3200000524520874,0.00012339719978626817
98.33000183105469,0.77708500623703,108.58100128173828,1.31358003616333,0.00012542000331450254
98.62000274658203,0.77708500623703,108.58100128173828,1.31358003616333,0.00012542000331450254
98.16000366210938,0.7709100246429443,108.60099792480469,1.3086600303649902,0.00012378989777062088
97.86000061035156,0.7761099934577942,108.48300170898438,1.309399962425232,0.00013307300105225295
101.30999755859375,0.7738000154495239,108.64199829101562,1.3072999715805054,0.0001334491971647367
100.98999786376953,0.7788000106811523,108.60600280761719,1.3070600032806396,0.00011546409950824454
98.43000030517578,0.7788000106811523,108.60600280761719,1.3070600032806396,0.00011546409950824454
98.7300033569336,0.7792999744415283,108.73400115966797,1.3063000440597534,0.00010803629993461072
98.63999938964844,0.7777600288391113,108.96399688720703,1.3055599927902222,0.00010607050353428349
100.05999755859375,0.7771999835968018,108.8740005493164,1.308899998664856,0.00010862800263566896
99.7699966430664,0.7750899791717529,108.78900146484375,1.316540002822876,0.00010870060214074329
99.2300033569336,0.772819995880127,107.99600219726562,1.3167500495910645,0.00010797849972732365
98.58999633789062,0.7729399800300598,108.22000122070312,1.3140000104904175,0.00010624039714457467
98.41999816894531,0.7756999731063843,108.69400024414062,1.3151600360870361,0.00010703739826567471
99.91999816894531,0.7763599753379822,109.14600372314453,1.3150999546051025,0.00010682760330382735
100.52999877929688,0.7778000235557556,108.91300201416016,1.318560004234314,0.00010790330270538107
100.66000366210938,0.7824730277061462,109.27400207519531,1.3227100372314453,0.0001135733982664533
102.52999877929688,0.781470000743866,109.22599792480469,1.3225200176239014,0.00011418409849284217
102.44999694824219,0.7777000069618225,109.04199981689453,1.323199987411499,0.00011343450023559853
103.2699966430664,0.7780799865722656,108.99299621582031,1.3236700296401978,0.00011352980072842911
103.26000213623047,0.7779800295829773,108.7979965209961,1.3251899480819702,0.00011483569687698036
103.58999633789062,0.7762899994850159,108.49199676513672,1.3249800205230713,0.00011775799794122577
104.5999984741211,0.7739199995994568,108.6989974975586,1.3222399950027466,0.00012034730025334284
105.06999969482422,0.7721499800682068,108.66200256347656,1.320680022239685,0.00012185989908175543
105.69999694824219,0.7734249830245972,108.44499969482422,1.3271299600601196,0.0001245753956027329
104.73999786376953,0.7735700011253357,108.47799682617188,1.330199956893921,0.00013084299280308187
104.37000274658203,0.7739999890327454,108.58499908447266,1.3278000354766846,0.00013705060700885952
104.63999938964844,0.777999997138977,108.7300033569336,1.3295700550079346,0.00013993580068927258
104.83000183105469,0.7753599882125854,108.99199676513672,1.3303099870681763,0.0001385353971272707
104.25,0.7775499820709229,109.09700012207031,1.3269000053405762,0.00013277279504109174
104.25,0.7734000086784363,109.36699676513672,1.3285599946975708,0.00013399249291978776
104.80000305175781,0.7744200229644775,109.51200103759766,1.327970027923584,0.00012884530588053167
104.45999908447266,0.7744200229644775,109.53500366210938,1.3283900022506714,0.0001365749049000442
104.4800033569336,0.7727599740028381,109.02200317382812,1.330299973487854,0.00013660930562764406
105.20999908447266,0.7693600058555603,108.65299987792969,1.3291900157928467,0.00013789230433758348
104.66999816894531,0.7627000212669373,108.83200073242188,1.3192700147628784,0.0001342587056569755
105.2300033569336,0.7599700093269348,108.73799896240234,1.3176000118255615,0.00013250300253275782
104.63999938964844,0.7610599994659424,108.62699890136719,1.3249800205230713,0.00013511869474314153
104.61000061035156,0.760699987411499,108.58200073242188,1.3237099647521973,0.00013739810674451292
103.88999938964844,0.7615399956703186,108.76399993896484,1.323099970817566,0.0001385534997098148
104.12999725341797,0.7575700283050537,108.54900360107422,1.317270040512085,0.0001380618050461635
104.4800033569336,0.7421000003814697,109.41300201416016,1.315269947052002,0.00013755759573541582
105.19999694824219,0.7488800287246704,109.4000015258789,1.3183399438858032,0.00014424849359784275
106.0,0.7534400224685669,109.57599639892578,1.3163000345230103,0.00015059069846756756
105.91999816894531,0.7620700001716614,109.51599884033203,1.3159199953079224,0.00013742300507146865
107.0199966430664,0.7641000151634216,109.5510025024414,1.3113900423049927,0.00013883400242775679
107.5999984741211,0.7681999802589417,109.38300323486328,1.3122999668121338,0.00013852689880877733
107.16999816894531,0.7689099907875061,109.4990005493164,1.3146400451660156,0.000135950293042697
106.69000244140625,0.7724999785423279,109.38200378417969,1.3148200511932373,0.00013656480587087572
106.69000244140625,0.7731000185012817,109.38300323486328,1.3164000511169434,0.00013745410251431167
107.79000091552734,0.770799994468689,109.36900329589844,1.315500020980835,0.00013814130215905607
107.98999786376953,0.76910001039505,109.54199981689453,1.3107999563217163,0.00013717249385081232
107.0199966430664,0.7638300061225891,109.4280014038086,1.3073400259017944,0.00013711789506487548
107.0999984741211,0.7626000046730042,108.87300109863281,1.3060599565505981,0.00013901249621994793
107.0999984741211,0.7540000081062317,108.68099975585938,1.3001999855041504,0.00013888550165574998
107.81999969482422,0.7547000050544739,108.71299743652344,1.2972999811172485,0.0001431543059879914
108.27999877929688,0.7602999806404114,108.54299926757812,1.29830002784729,0.00013614920317195356
108.20999908447266,0.764519989490509,107.96399688720703,1.2986600399017334,0.00012871310173068196
106.41999816894531,0.7592999935150146,108.40599822998047,1.2963900566101074,0.00012249359861016273
105.83000183105469,0.7625600099563599,108.01599884033203,1.3003100156784058,0.00012376450467854738
107.3499984741211,0.7630599737167358,109.03099822998047,1.3036500215530396,0.00012691850133705884
106.83999633789062,0.7651000022888184,109.50700378417969,1.306249976158142,0.0001224506995640695
107.08999633789062,0.766539990901947,109.56600189208984,1.3065400123596191,0.0001227869070135057
106.55000305175781,0.7699300050735474,109.99199676513672,1.3055599927902222,0.0001132789984694682
107.86000061035156,0.7678999900817871,109.85399627685547,1.3065500259399414,0.0001135459024226293
108.30999755859375,0.7667999863624573,109.88300323486328,1.3037999868392944,0.00011462910333648324
109.30999755859375,0.7645999789237976,110.17500305175781,1.3039000034332275,0.00011199420259799808
109.30999755859375,0.7688000202178955,110.18000030517578,1.3063600063323975,0.00011550490307854488
109.25,0.7688999772071838,110.1729965209961,1.3045400381088257,0.0001143393965321593
109.13999938964844,0.7663999795913696,109.90799713134766,1.3073500394821167,0.00011519569670781493
109.62999725341797,0.7607600092887878,109.72799682617188,1.3138999938964844,0.00011895530042238533
110.20999908447266,0.7621999979019165,109.552001953125,1.3127000331878662,0.0001184072025353089
109.77999877929688,0.7655900120735168,108.802001953125,1.3158999681472778,0.00011223569890717044
111.13999938964844,0.76569002866745,108.91999816894531,1.3187700510025024,0.00010685370216378942
115.33999633789062,0.7677800059318542,109.13200378417969,1.3164000511169434,0.00010733499948401004
115.95999908447266,0.7679299712181091,108.98699951171875,1.319700002670288,0.00010516359907342121
116.45999908447266,0.7639999985694885,108.87699890136719,1.3211300373077393,0.00010694580123526976
117.79000091552734,0.7586299777030945,108.37200164794922,1.3240400552749634,0.00010760180157376453
118.66999816894531,0.7693799734115601,108.61199951171875,1.3293999433517456,0.00010892099817283452
116.47000122070312,0.767300009727478,109.4469985961914,1.3282400369644165,0.00010402120096841827
115.8499984741211,0.7694000005722046,109.81400299072266,1.3284300565719604,0.00010277699766447768
114.33000183105469,0.7733799815177917,109.96800231933594,1.3284000158309937,0.00010208309686277062
115.7300033569336,0.7756999731063843,109.6449966430664,1.3309600353240967,0.00010145470150746405
114.80000305175781,0.7741000056266785,109.76599884033203,1.3316999673843384,9.796010272111744e-05
114.05999755859375,0.771809995174408,109.84300231933594,1.3290400505065918,9.684239921625704e-05
114.4000015258789,0.7717499732971191,109.84600067138672,1.3256100416183472,9.790119656827301e-05
116.19999694824219,0.7664700150489807,109.75800323486328,1.326390027999878,9.697330096969381e-05
116.19999694824219,0.7661100029945374,109.79100036621094,1.3245199918746948,0.00010319770080968738
115.66999816894531,0.7687000036239624,109.83000183105469,1.3235000371932983,9.859989950200543e-05
115.2699966430664,0.76910001039505,109.91899871826172,1.325369954109192,0.00010380570165580139
114.48999786376953,0.7735000252723694,111.20999908447266,1.3220399618148804,0.00010407480294816196
115.18000030517578,0.776199996471405,111.9540023803711,1.3259799480438232,0.00010323710012016818
114.73999786376953,0.7719799876213074,111.55699920654297,1.3252999782562256,0.00010362509783590212
112.41000366210938,0.7735999822616577,110.85700225830078,1.3287400007247925,0.00010704679880291224
113.0199966430664,0.769029974937439,110.28600311279297,1.3279199600219727,0.0001133719997596927
107.44999694824219,0.7747799754142761,110.36299896240234,1.334529995918274,0.00011383699893485755
102.55000305175781,0.7758600115776062,109.66000366210938,1.3386199474334717,0.00011530760093592107
110.12000274658203,0.7808200120925903,107.6969985961914,1.3407100439071655,0.00011274380085524172
110.06999969482422,0.7832599878311157,108.48699951171875,1.332509994506836,0.00011379430361557752
116.37000274658203,0.7799800038337708,107.03700256347656,1.3377599716186523,0.00011421719682402909
114.0999984741211,0.7767000198364258,107.677001953125,1.3384599685668945,0.00011014720075763762
110.5,0.772159993648529,106.24800109863281,1.3393800258636475,0.0001096185005735606
105.72000122070312,0.7634000182151794,103.93800354003906,1.362220048904419,0.0001262044970644638
104.69999694824219,0.7648000121116638,103.11199951171875,1.3658000230789185,0.00012642660294659436
99.31999969482422,0.7746099829673767,105.0260009765625,1.3731800317764282,0.00012639940541703254
88.62999725341797,0.7801399827003479,104.55000305175781,1.3773000240325928,0.0002011753967963159
96.05000305175781,0.7955300211906433,104.61000061035156,1.394279956817627,0.00017973629292100668
85.30999755859375,0.8064600229263306,106.68800354003906,1.3797800540924072,0.0001994225021917373
95.02999877929688,0.8152199983596802,106.17500305175781,1.4010599851608276,0.00019136449554935098
91.56999969482422,0.824970006942749,107.37699890136719,1.4239200353622437,0.00019089659326709807
88.0,0.8601899743080139,108.36000061035156,1.4444999694824219,0.00016151979798451066
80.5,0.8699899911880493,111.29100036621094,1.4498200416564941,0.00016132209566421807
72.86000061035156,0.8603600263595581,110.46199798583984,1.4459400177001953,0.00015585270011797547
82.98999786376953,0.8623999953269958,110.8270034790039,1.4476900100708008,0.00014848240243736655
86.95999908447266,0.8480299711227417,111.12000274658203,1.4438999891281128,0.00014967679453548044
93.81999969482422,0.8438000082969666,110.8759994506836,1.4217100143432617,0.00014888840087223798
92.77999877929688,0.8196300268173218,109.10900115966797,1.4037400484085083,0.00015456430264748633
99.44000244140625,0.8083000183105469,108.03500366210938,1.417870044708252,0.00015531219833064824
94.94999694824219,0.805899977684021,107.50800323486328,1.4077999591827393,0.0001513596944278106
92.2699966430664,0.8076000213623047,107.25700378417969,1.4151400327682495,0.00014719679893460125
93.95999908447266,0.8067799806594849,108.0009994506836,1.4129300117492676,0.00014851370360702276
95.22000122070312,0.8067799806594849,108.0009994506836,1.4129300117492676,0.00014851370360702276
101.58999633789062,0.8169599771499634,109.11499786376953,1.4112299680709839,0.00013934540038462728
100.94000244140625,0.8104599714279175,108.6510009765625,1.4013999700546265,0.0001363493938697502
104.12999725341797,0.8069000244140625,108.9219970703125,1.40038001537323,0.00013694709923584014
107.91999816894531,0.8029000163078308,108.56099700927734,1.39860999584198,0.00014565599849447608
107.91999816894531,0.8029000163078308,108.56099700927734,1.39860999584198,0.00014565599849447608
103.29000091552734,0.7984700202941895,107.62300109863281,1.3873100280761719,0.0001461469946661964
107.55999755859375,0.7919999957084656,107.10399627685547,1.3880900144577026,0.00015055459516588598
106.0,0.7986599802970886,107.60900115966797,1.411910057067871,0.00014051249308977276
108.30999755859375,0.8007799983024597,107.94499969482422,1.4039499759674072,0.0001409208052791655
111.23999786376953,0.8007799983024597,107.94499969482422,1.4039499759674072,0.0001409208052791655
109.77999877929688,0.8036800026893616,107.66899871826172,1.4129199981689453,0.00014534199726767838
105.2699966430664,0.8130999803543091,107.72100067138672,1.4189000129699707,0.0001405045040883124
104.62999725341797,0.8114299774169922,107.81300354003906,1.4183800220489502,0.0001345945056527853
103.8499984741211,0.8095700144767761,107.66699981689453,1.406499981880188,0.0001324345066677779
105.62999725341797,0.8095700144767761,107.66699981689453,1.406499981880188,0.0001324345066677779
111.62999725341797,0.8049799799919128,107.28299713134766,1.4036200046539307,0.00012808920291718096
111.20999908447266,0.8041399717330933,106.74099731445312,1.398300051689148,0.00011362299846950918
111.5999984741211,0.801829993724823,106.61000061035156,1.38742995262146,0.0001154927012976259
109.66999816894531,0.7948200106620789,107.28500366210938,1.3952900171279907,0.00011280609760433435
106.62000274658203,0.7948200106620789,107.28500366210938,1.3952900171279907,0.00011280609760433435
106.12999725341797,0.8034999966621399,106.6969985961914,1.408370018005371,0.00011107319733127952
108.83000183105469,0.803587019443512,106.4520034790039,1.4042199850082397,0.00010788929648697376
105.62999725341797,0.8113200068473816,106.19100189208984,1.416290044784546,0.00010048720287159085
107.33000183105469,0.8080199956893921,106.35900115966797,1.3969500064849854,0.00010159850353375077
107.58999633789062,0.8080199956893921,106.35900115966797,1.3969500064849854,0.00010159850353375077
109.23999786376953,0.8108000159263611,107.56600189208984,1.4018000364303589,0.00011357860057614744
108.5,0.8159999847412109,107.13800048828125,1.4080899953842163,0.00010787499923026189
108.88999938964844,0.8168900012969971,106.93299865722656,1.4089000225067139,0.00010273559746565297
109.4800033569336,0.8173999786376953,107.36499786376953,1.4033000469207764,0.00010720190039137378
112.08000183105469,0.8173999786376953,107.36499786376953,1.4033000469207764,0.00010720190039137378
114.94000244140625,0.8196700215339661,107.38099670410156,1.3939000368118286,0.00010278510308125988
112.62999725341797,0.8159300088882446,107.80999755859375,1.3938000202178955,0.00010500910138944164
114.70999908447266,0.8172000050544739,107.59100341796875,1.3904500007629395,0.00011011079914169386
113.98999786376953,0.8180999755859375,107.63099670410156,1.394700050354004,0.00010890189878409728
115.33999633789062,0.8180999755859375,107.63099670410156,1.394700050354004,0.00010890189878409728
115.33999633789062,0.8195800185203552,107.68699645996094,1.3971799612045288,0.00011318550241412595
116.27999877929688,0.810699999332428,107.49099731445312,1.378250002861023,0.00010892040154431015
115.19000244140625,0.815339982509613,107.7979965209961,1.375480055809021,0.00010497860057512298
116.37000274658203,0.8115900158882141,107.64299774169922,1.3774000406265259,0.0001059420028468594
118.45999908447266,0.8115900158882141,107.64299774169922,1.3774000406265259,0.0001059420028468594
118.87999725341797,0.8008300065994263,107.5479965209961,1.3582500219345093,0.00010493399895494804
119.23999786376953,0.7948200106620789,108.80899810791016,1.3509999513626099,0.00010355489939684048
119.33999633789062,0.7952200174331665,108.9990005493164,1.3493800163269043,0.0001020342024276033
117.93000030517578,0.7930799722671509,109.1500015258789,1.350160002708435,0.00010346039925934747
119.9000015258789,0.7930799722671509,109.1500015258789,1.350160002708435,0.00010346039925934747
121.30000305175781,0.7852200269699097,108.40899658203125,1.3367999792099,0.0001020855997921899
120.08999633789062,0.7867000102996826,107.7969970703125,1.3422000408172607,0.00010131619637832046
120.01000213623047,0.7867400050163269,106.98100280761719,1.3428399562835693,0.00010727559856604785
113.25,0.7950999736785889,106.8030014038086,1.3637900352478027,0.0001054758031386882
115.1500015258789,0.7950999736785889,106.8030014038086,1.3637900352478027,0.0001054758031386882
117.37000274658203,0.7912799715995789,107.46399688720703,1.3533899784088135,0.00010484350059414282
118.52999877929688,0.7945899963378906,107.41000366210938,1.353350043296814,0.00010548240243224427
118.12999725341797,0.7966399788856506,106.89399719238281,1.3575799465179443,0.00010624909918988124
119.29000091552734,0.8047099709510803,107.00599670410156,1.3592400550842285,0.00010766559717012569
118.83000183105469,0.8047099709510803,107.00599670410156,1.3592400550842285,0.00010766559717012569
119.70999908447266,0.7998999953269958,106.90299987792969,1.3501800298690796,0.00010384579945821315
118.5999984741211,0.7984099984169006,106.43199920654297,1.3542200326919556,0.00010736969852587208
115.27999877929688,0.8056100010871887,107.04399871826172,1.3643800020217896,0.00010793530236696824
118.69000244140625,0.8047999739646912,107.15499877929688,1.3634999990463257,0.00010913550067925826
115.81999969482422,0.8047999739646912,107.15499877929688,1.3634999990463257,0.00010913550067925826
117.55000305175781,0.812309980392456,107.58999633789062,1.3656599521636963,0.00010943319648504257
119.47000122070312,0.8071500062942505,107.98899841308594,1.3574199676513672,0.00010836200090125203
120.76000213623047,0.8022599816322327,107.36599731445312,1.3590999841690063,0.00010960810323012993
120.05999755859375,0.8021559715270996,107.49700164794922,1.356969952583313,0.00011004359839716926
120.05999755859375,0.8021559715270996,107.49700164794922,1.356969952583313,0.00011004359839716926
121.08000183105469,0.8002899885177612,107.35900115966797,1.3538899421691895,0.00010808149818331003
120.47000122070312,0.7972699999809265,107.5780029296875,1.3603999614715576,0.00010606330033624545
121.69999694824219,0.7928000092506409,107.28299713134766,1.3517199754714966,0.0001077822016668506
120.80000305175781,0.7933300137519836,107.23600006103516,1.3580000400543213,0.00010777250281535089
122.87999725341797,0.7933300137519836,107.23600006103516,1.3580000400543213,0.00010777250281535089
123.0,0.7967000007629395,107.2760009765625,1.3610399961471558,0.00010818750160979107
124.80000305175781,0.7955899834632874,107.24500274658203,1.3599400520324707,0.00010878030298044905
126.83999633789062,0.7942180037498474,106.91699981689453,1.3506900072097778,0.00010950230353046209
127.02999877929688,0.796209990978241,107.27799987792969,1.3568899631500244,0.0001092730017262511
128.44000244140625,0.796209990978241,107.27799987792969,1.3568899631500244,0.0001092730017262511
131.3000030517578,0.7897800207138062,107.19599914550781,1.352489948272705,0.00010666790331015363
131.00999450683594,0.7854999899864197,106.83200073242188,1.3447799682617188,0.0001049632701324299
134.10000610351562,0.7855499982833862,107.17500305175781,1.3417199850082397,0.00010437287710374221
131.41000366210938,0.7854999899864197,106.83799743652344,1.3403799533843994,0.00010442777420394123
130.55999755859375,0.7854999899864197,106.83799743652344,1.3403799533843994,0.00010442777420394123
130.52999877929688,0.7758100032806396,105.26100158691406,1.3338899612426758,9.163422510027885e-05
128.14999389648438,0.7737699747085571,105.10700225830078,1.3379600048065186,9.008629422169179e-05
131.00999450683594,0.7702699899673462,105.03199768066406,1.3342000246047974,9.000729187391698e-05
129.89999389648438,0.7623199820518494,104.68299865722656,1.3412799835205078,8.831916784401983e-05
131.30999755859375,0.7623199820518494,104.68299865722656,1.3412799835205078,8.831916784401983e-05
