,Date/Time,Retweet Count,Favourite Count,Retweet Rolling Av,Favourite Rolling Av
0,2020-07-31 18:58:33,37373,176310,,
1,2020-07-31 18:57:37,5750,33078,,
2,2020-07-31 14:06:15,20999,123304,,
3,2020-07-31 14:02:30,50951,361923,,
4,2020-07-25 22:23:24,36804,283840,,
5,2020-07-25 21:56:03,3416,54533,,
6,2020-07-25 20:51:20,36139,469061,,
7,2020-07-25 20:21:43,12034,115600,,
8,2020-07-25 20:12:34,12033,121329,,
9,2020-07-25 18:21:26,651,3143,,
10,2020-07-25 18:21:26,16230,152045,,
11,2020-07-25 18:21:26,10477,104033,,
12,2020-07-25 18:07:06,2183,40923,,
13,2020-07-25 16:28:33,6914,99256,,
14,2020-07-25 01:58:55,6156,101047,,
15,2020-07-23 04:30:42,2800,54281,,
16,2020-07-23 03:10:45,5452,121510,,
17,2020-07-22 06:33:43,16301,174637,,
18,2020-07-22 05:47:25,3745,48599,,
19,2020-07-22 05:38:23,4255,46460,14533.15,134245.6
20,2020-07-22 05:10:43,3054,46530,12817.2,127756.6
21,2020-07-22 03:55:04,8976,84400,12978.5,130322.7
22,2020-07-22 00:32:15,2507,42233,12053.9,126269.15
23,2020-07-21 19:58:39,2851,54850,9648.9,110915.5
24,2020-07-21 17:28:53,37253,306874,9671.35,112067.2
25,2020-07-21 04:36:45,41985,266319,11599.8,122656.5
26,2020-07-21 03:44:45,50460,505219,12315.85,124464.4
27,2020-07-21 02:33:39,8615,77776,12144.9,122573.2
28,2020-07-21 02:30:10,16564,187954,12371.45,125904.45
29,2020-07-19 15:42:19,4331,55516,12555.45,128523.1
30,2020-07-19 15:33:59,8714,94693,12179.65,125655.5
31,2020-07-18 21:21:38,3599,35468,11835.75,122227.25
32,2020-07-18 19:59:56,1330,26075,11793.1,121484.85
33,2020-07-18 19:50:50,2162,39534,11555.5,118498.75
34,2020-07-18 17:22:59,1674,32928,11331.4,115092.8
35,2020-07-18 16:45:12,853,19352,11234.05,113346.35
36,2020-07-18 16:35:54,1150,21628,11018.95,108352.25
37,2020-07-18 16:28:51,1528,27943,10280.3,101017.55
38,2020-07-18 05:44:16,2680,45405,10227.05,100857.85
39,2020-07-18 03:49:58,5419,45523,10285.25,100811.0
40,2020-07-17 18:10:25,2219,43970,10243.5,100683.0
41,2020-07-17 13:00:30,5487,56781,10069.05,99302.05
42,2020-07-17 12:57:19,6663,48767,10276.85,99628.75
43,2020-07-17 12:55:54,5958,59605,10432.2,99866.5
44,2020-07-17 12:49:17,2234,37251,8681.25,86385.35
45,2020-07-17 07:39:22,22578,195693,7710.9,82854.05
46,2020-07-17 01:20:15,9038,94809,5639.8,62333.55
47,2020-07-15 01:08:13,2308,47075,5324.45,60798.5
48,2020-07-15 01:07:25,1679,33641,4580.2,53082.85
49,2020-07-15 01:07:07,9602,153170,4843.75,57965.55
50,2020-07-15 01:06:36,2525,48832,4534.3,55672.5
51,2020-07-14 19:02:29,8492,104416,4778.95,59119.9
52,2020-07-13 02:05:06,42961,237505,6860.5,69691.4
53,2020-07-11 04:30:19,4431,70852,6973.95,71257.3
54,2020-07-10 14:11:52,7542,61328,7267.35,72677.3
55,2020-07-10 14:08:49,9040,158427,7676.7,79631.05
56,2020-07-09 21:13:40,12134,74003,8225.9,82249.8
57,2020-07-08 23:55:23,6941,183229,8496.55,90014.1
58,2020-07-08 23:54:28,4926,124407,8608.85,93964.2
59,2020-07-08 23:49:20,6600,143369,8667.9,98856.5
60,2020-07-08 14:47:42,14586,248821,9286.25,109099.05
61,2020-07-05 15:11:23,14532,171648,9738.5,114842.4
62,2020-07-05 00:38:13,301061,1215718,24458.4,173189.95
63,2020-07-01 19:21:31,71612,558173,27741.1,198118.35
64,2020-07-01 18:22:06,8433,76063,28051.05,200058.95
65,2020-07-01 15:44:25,119818,871326,32913.05,233840.6
66,2020-06-30 13:58:31,39234,163268,34422.85,237263.55
67,2020-06-30 01:43:31,7630,50361,34688.95,237427.85
68,2020-06-30 00:48:56,14607,158904,35335.35,243691.0
69,2020-06-29 15:49:26,22158,102383,35963.15,241151.65
70,2020-06-27 00:12:34,9618,55779,36317.8,241499.0
71,2020-06-26 22:29:03,6391,76167,36212.75,240086.55
72,2020-06-26 22:01:00,5355,52887,34332.45,230855.65
73,2020-06-26 21:21:51,17173,135684,34969.55,234097.25
74,2020-06-26 20:13:56,3932,28977,34789.05,232479.7
75,2020-06-26 19:20:42,11850,69201,34929.55,228018.4
76,2020-06-26 15:31:54,21148,113461,35380.25,229991.3
77,2020-06-26 12:40:57,38143,215568,36940.35,231608.25
78,2020-06-26 10:27:29,19363,132406,37662.2,232008.2
79,2020-03-02 20:52:06,7254,51418,37694.9,227410.65
80,2020-02-12 19:35:24,1765,20339,37053.85,215986.55
81,2020-02-05 23:15:06,7849,120177,36719.7,213413.0
82,2020-01-28 18:35:40,1516,16075,21742.45,153430.85
83,2020-01-26 22:20:43,129522,907873,24637.95,170915.85
84,2020-01-03 05:50:37,14949,186806,24963.75,176453.0
85,2019-12-25 20:24:25,18979,90214,19921.8,137397.4
86,2019-12-22 00:44:38,2560,45755,18088.1,131521.75
87,2019-12-20 02:57:16,754,13034,17744.3,129655.4
88,2019-12-20 02:56:31,1083,19058,17068.1,122663.1
89,2019-12-20 02:55:26,1154,16364,16017.9,118362.15
90,2019-12-20 02:55:01,915,11966,15582.75,116171.5
91,2019-12-20 02:53:50,659,9647,15296.15,112845.5
92,2019-12-19 20:35:30,3920,28259,15224.4,111614.1
93,2019-12-17 21:58:58,2432,28953,14487.35,106277.55
94,2019-11-28 17:00:50,9631,37987,14772.3,106728.05
95,2019-11-27 19:17:21,5362,51994,14447.9,105867.7
96,2019-11-25 02:53:05,2221,21245,13501.55,101256.9
97,2019-11-25 02:52:31,1265,13302,11657.65,91143.6
98,2019-11-25 02:51:25,1022,11671,10740.6,85106.85
99,2019-11-25 02:50:40,1214,13489,10438.6,83210.4
100,2019-11-25 02:49:46,907,10341,10395.7,82710.5
101,2019-11-25 02:48:48,1184,12818,10062.45,77342.55
102,2019-11-25 02:47:54,930,10637,10033.15,77070.65
103,2019-11-25 02:46:53,1041,10943,3609.1,32224.15
104,2019-11-25 02:45:51,1593,14565,2941.3,23612.1
105,2019-11-25 02:44:46,925,10395,2038.6,19621.15
106,2019-11-25 02:43:08,2035,21092,2012.35,18388.0
107,2019-11-25 02:34:42,4663,49469,2207.8,20209.75
108,2019-11-25 01:32:15,6082,111634,2457.75,24838.55
109,2019-11-25 01:08:38,4498,40075,2624.95,26024.1
110,2019-11-24 05:55:05,1648,28286,2661.6,26840.1
111,2019-11-18 20:23:35,63688,332669,5813.05,42991.2
112,2019-11-17 23:12:55,5227,45652,5878.4,43860.85
113,2019-11-08 18:58:58,13099,78472,6411.75,46336.8
114,2019-11-03 15:19:53,3158,29704,6088.1,45922.65
115,2019-10-31 21:21:44,7306,57907,6185.3,46218.3
116,2019-10-27 18:00:19,6247,52797,6386.6,47795.9
117,2019-10-25 05:18:44,49657,356570,8806.2,64959.3
118,2019-10-24 22:37:24,68970,266941,12203.6,77722.8
119,2019-10-21 05:17:12,114758,415392,17880.8,97817.95
120,2019-01-01 21:23:31,20889,142965,18879.9,104449.15
121,2019-01-01 21:18:05,61276,323455,21884.5,119981.0
122,2019-01-01 21:11:00,11273,100658,22401.65,124482.05
123,2019-01-01 20:58:38,2455,0,22472.35,123934.9
124,2019-01-01 20:58:27,19428,72964,23364.1,126854.85
125,2019-01-01 20:57:33,13954,0,24015.55,126335.1
126,2019-01-01 20:57:18,2227,0,24025.15,125280.5
127,2019-01-01 20:56:53,1113,0,23847.65,122807.05
128,2019-01-01 20:56:31,3048,0,23695.95,117225.35
129,2019-01-01 20:56:25,278,0,23484.95,115221.6
130,2019-01-01 20:56:19,462,0,23425.65,113807.3
131,2019-01-01 20:55:13,2779,0,20380.2,97173.85
132,2019-01-01 20:53:55,225,0,20130.1,94891.25
133,2019-01-01 20:52:32,1539,0,19552.1,90967.65
134,2019-01-01 20:50:14,143,0,19401.35,89482.45
135,2019-01-01 20:49:45,294,0,19050.75,86587.1
136,2019-01-01 20:49:35,529,0,18764.85,83947.25
137,2019-01-01 20:49:29,1389,0,16351.45,66118.75
138,2019-01-01 20:48:36,255,0,12915.7,52771.7
139,2019-01-01 20:48:30,1967,0,7276.15,32002.1
140,2019-01-01 20:48:23,160,0,6239.7,24853.85
141,2019-01-01 20:48:19,798,0,3215.8,8681.1
142,2019-01-01 20:48:08,1708,0,2737.55,3648.2
143,2019-01-01 20:47:36,313,0,2630.45,3648.2
144,2019-01-01 20:47:33,416,0,1679.85,0.0
145,2019-01-01 20:47:28,312,0,997.75,0.0
146,2019-01-01 20:47:26,427,0,907.75,0.0
147,2019-01-01 20:46:55,166,0,860.4,0.0
148,2019-01-01 20:44:20,1351,0,775.55,0.0
149,2019-01-01 20:44:07,442,0,783.75,0.0
150,2019-01-01 20:44:00,10855,73047,1303.4,3652.35
151,2019-01-01 20:43:41,127,0,1170.8,3652.35
152,2019-01-01 20:43:39,98,0,1164.45,3652.35
153,2019-01-01 20:43:36,81,0,1091.55,3652.35
154,2019-01-01 20:42:17,5188,26204,1343.8,4962.55
155,2019-01-01 20:40:44,198,0,1339.0,4962.55
156,2019-01-01 20:40:30,147,0,1319.9,4962.55
157,2019-01-01 20:38:03,763,0,1288.6,4962.55
158,2019-01-01 20:37:38,138,0,1282.75,4962.55
159,2019-01-01 20:37:27,189,0,1193.85,4962.55
160,2019-01-01 20:37:25,151,0,1193.4,4962.55
161,2019-01-01 20:37:22,218,0,1164.4,4962.55
162,2019-01-01 20:37:17,68,0,1082.4,4962.55
163,2019-01-01 20:37:14,97,0,1071.6,4962.55
164,2019-01-01 20:37:00,130,0,1057.3,4962.55
165,2019-01-01 20:36:57,64,0,1044.9,4962.55
166,2019-01-01 20:36:11,10776,0,1562.35,4962.55
167,2019-01-01 20:36:03,75,0,1557.8,4962.55
168,2019-01-01 20:35:55,626,0,1521.55,4962.55
169,2019-01-01 20:35:47,9324,0,1965.65,4962.55
170,2019-01-01 20:35:35,10776,74926,1961.7,5056.5
171,2019-01-01 20:34:22,6868,29045,2298.75,6508.75
172,2019-01-01 20:34:16,99,0,2298.8,6508.75
173,2019-01-01 20:34:07,129,0,2301.2,6508.75
174,2019-01-01 20:33:55,63,0,2044.95,5198.55
175,2019-01-01 20:33:50,107,0,2040.4,5198.55
176,2019-01-01 20:33:37,12654,77299,2665.75,9063.5
177,2019-01-01 20:32:53,11347,59505,3194.95,12038.75
178,2019-01-01 20:32:41,226,0,3199.35,12038.75
179,2019-01-01 20:31:54,149,0,3197.35,12038.75
180,2019-01-01 20:31:47,1760,14172,3277.8,12747.35
181,2019-01-01 20:29:55,2928,16129,3413.3,13553.8
182,2019-01-01 20:29:22,26643,131843,4742.05,20145.95
183,2019-01-01 19:18:32,807,0,4777.55,20145.95
184,2019-01-01 19:00:07,45792,122854,7060.65,26288.65
185,2019-01-01 02:33:46,284,0,7071.65,26288.65
186,2019-01-01 02:32:05,486,0,6557.15,26288.65
187,2019-01-01 02:29:42,99,0,6558.35,26288.65
188,2019-01-01 02:27:16,178,0,6535.95,26288.65
189,2019-01-01 02:16:14,2328,0,6186.15,26288.65
190,2019-01-01 02:04:18,1284,0,5711.55,22542.35
191,2019-01-01 02:03:47,1340,0,5435.15,21090.1
192,2019-01-01 02:00:17,36468,0,7253.6,21090.1
193,2019-01-01 00:22:09,5685,75080,7531.4,24844.1
194,2019-01-01 00:11:28,5848,54777,7820.65,27582.95
195,2018-12-31 22:30:59,43219,0,9976.25,27582.95
196,2018-12-31 20:20:12,13659,57172,10026.5,26576.6
197,2018-12-31 20:18:53,5951,26207,9756.7,24911.7
198,2018-12-31 20:17:35,28913,113598,11191.05,30591.6
199,2018-12-31 20:17:14,1930,13944,11280.1,31288.8
200,2018-12-31 20:15:38,154249,372636,18904.55,49212.0
201,2018-12-31 20:15:19,5128,21005,19014.55,49455.8
202,2018-12-31 20:13:23,1121,11523,17738.45,43439.8
203,2018-12-31 20:10:52,10101,43789,18203.15,45629.25
204,2018-12-31 19:29:43,143,0,15920.7,39486.55
205,2018-12-31 03:58:44,1578,0,15985.4,39486.55
206,2018-12-31 03:58:40,2098,0,16066.0,39486.55
207,2018-12-31 03:57:55,11252,49736,16623.65,41973.35
208,2018-12-31 03:56:03,4552,35417,16842.35,43744.2
209,2018-12-31 03:54:56,2973,17630,16874.6,44625.7
210,2018-12-31 03:54:45,48553,107110,19238.05,49981.2
211,2018-12-31 03:52:35,8224,29737,19582.25,51468.05
212,2018-12-31 03:51:17,5816,19447,18049.65,52440.4
213,2018-12-31 03:51:06,2866,21054,17908.7,49739.1
214,2018-12-31 03:48:15,4082,21620,17820.4,48081.25
215,2018-12-31 03:39:50,2218,14261,15770.35,48794.3
216,2018-12-31 03:39:26,7987,60188,15486.75,48945.1
217,2018-12-31 03:38:10,4283,21147,15403.35,48692.1
218,2018-12-31 03:37:31,27640,93572,15339.7,47690.8
219,2018-12-31 03:14:10,10803,53592,15783.35,49673.2
220,2018-12-30 20:26:50,10262,134806,8584.0,37781.7
221,2018-12-29 16:36:16,37582,105796,10206.7,42021.25
222,2018-12-29 15:56:44,39521,156106,12126.7,49250.4
223,2018-12-29 02:07:35,4928,44966,11868.05,49309.25
224,2018-12-29 01:56:49,1543,18086,11938.05,50213.55
225,2018-12-29 01:56:47,14438,126375,12581.05,56532.3
226,2018-12-29 01:56:45,2493,40754,12600.8,58570.0
227,2018-12-29 01:56:44,1520,20256,12114.2,57096.0
228,2018-12-28 23:01:58,168657,0,20319.45,55325.15
229,2018-12-28 14:35:13,1098,0,20225.7,54443.65
230,2018-12-26 15:53:43,3197,39116,17957.9,51043.95
231,2018-12-25 05:28:23,12545,130861,18173.95,56100.15
232,2018-12-25 03:55:34,2998,39335,18033.05,57094.55
233,2018-12-23 00:54:04,52734,274916,20526.45,69787.65
234,2018-12-21 21:25:45,1663,24079,20405.5,69910.6
235,2018-12-21 18:15:49,1915,0,20390.35,69197.55
236,2018-12-21 02:17:42,2161,16535,20099.05,67014.9
237,2018-12-20 17:09:12,1048,17519,19937.3,66833.5
238,2018-12-19 04:27:05,811,7204,18595.85,62515.1
239,2018-12-19 03:13:41,2823,44355,18196.85,62053.25
240,2018-12-18 02:49:22,2684,35018,17817.95,57063.85
241,2018-12-18 00:11:01,4039,0,16140.8,51774.05
242,2018-12-17 19:09:03,1561,26269,14242.8,45282.2
243,2018-12-17 15:35:52,1265,9540,14059.65,43510.9
244,2018-12-17 14:34:59,8368,52144,14400.9,45213.8
245,2018-12-17 14:19:12,8925,56834,14125.25,41736.75
246,2018-12-15 18:20:55,11856,144012,14593.4,46899.65
247,2018-12-15 16:13:47,3280,26175,14681.4,47195.6
248,2018-12-15 13:51:34,3246,26823,6410.85,48536.75
249,2018-12-15 13:44:48,8911,48210,6801.5,50947.25
250,2018-12-15 13:44:07,2681,20848,6775.7,50033.85
251,2018-12-15 13:44:02,3776,37680,6337.25,45374.8
252,2018-12-15 13:28:20,11622,95236,6768.45,48169.85
253,2018-12-15 13:12:43,63157,159193,7289.6,42383.7
254,2018-12-15 13:12:25,1222,14315,7267.55,41895.5
255,2018-12-15 13:11:24,4453,27232,7394.45,43257.1
256,2018-12-15 13:10:03,29481,105929,8760.45,47726.8
257,2018-12-15 13:09:47,7040,48309,9060.05,49266.3
258,2018-12-15 13:08:27,11304,77506,9584.7,52781.4
259,2018-12-15 13:07:42,7826,51239,9834.85,53125.6
260,2018-12-15 13:06:50,6667,46094,10034.0,53679.4
261,2018-12-15 13:05:32,12198,44925,10441.95,55925.65
262,2018-12-15 13:05:01,5560,53676,10641.9,57296.0
263,2018-12-15 13:04:00,2033,19190,10680.3,57778.5
264,2018-12-15 13:03:05,3073,25229,10415.55,56432.75
265,2018-12-15 13:01:50,5397,60162,10239.15,56599.15
266,2018-12-15 13:00:02,721,0,9682.4,49398.55
267,2018-12-15 12:59:29,3651,20086,9700.95,49094.1
268,2018-12-15 12:57:06,2607,16576,9669.0,48581.75
269,2018-12-15 12:56:08,3386,16384,9392.75,46990.45
270,2018-12-15 12:54:39,2174,13185,9367.4,46607.3
271,2018-12-15 12:54:34,4145,33937,9385.85,46420.15
272,2018-12-15 12:53:28,3010,15419,8955.25,42429.3
273,2018-12-15 12:53:03,1039,10984,5849.35,35018.85
274,2018-12-15 12:52:33,1959,16967,5886.2,35151.45
275,2018-12-15 12:50:04,1667,13627,5746.9,34471.2
276,2018-12-15 12:49:12,3776,24662,4461.65,30407.85
277,2018-12-15 12:47:49,4372,38646,4328.25,29924.7
278,2018-12-15 12:42:30,4379,32994,3982.0,27699.1
279,2018-12-15 12:39:19,4364,24236,3808.9,26348.95
280,2018-12-15 12:38:29,8352,53277,3893.15,26708.1
281,2018-12-15 12:15:22,67523,0,6659.4,24461.85
282,2018-12-15 12:14:41,154,0,6389.1,21778.05
283,2018-12-15 08:12:55,849,13766,6329.9,21506.85
284,2018-12-15 04:28:23,806,12359,6216.55,20863.35
285,2018-12-15 04:27:29,14073,90294,6650.35,22369.95
286,2018-12-15 04:24:35,1293,19113,6678.95,23325.6
287,2018-12-14 21:23:20,2233,8842,6608.05,22763.4
288,2018-12-14 21:16:32,16073,79304,7281.35,25899.8
289,2018-12-14 20:28:16,6017,72052,7412.9,28683.2
290,2018-12-14 19:43:00,3982,22947,7503.3,29171.3
291,2018-12-14 17:38:15,1320,17317,7362.05,28340.3
292,2018-12-14 16:07:44,238,2303,7223.45,27684.5
293,2018-12-14 15:28:18,270,2318,7185.0,27251.2
294,2018-12-14 14:31:23,3437,41125,7258.9,28459.1
295,2018-12-14 13:18:41,4170,41975,7384.05,29876.5
296,2018-12-14 13:06:11,14600,60518,7925.25,31669.3
297,2018-12-14 06:46:32,13736,52317,8393.45,32352.85
298,2018-12-14 06:46:27,14185,41700,8883.75,32788.15
299,2018-12-14 06:46:18,14489,57576,9390.0,34455.15
300,2018-12-14 06:02:54,5702,43270,9257.5,33954.8
301,2018-12-14 05:52:04,5355,38938,6149.1,35901.7
302,2018-12-14 05:51:21,6749,48436,6478.85,38323.5
303,2018-12-14 05:51:04,9963,65619,6934.55,40916.15
304,2018-12-14 05:50:24,4452,32236,7116.85,41910.0
305,2018-12-14 05:49:58,2776,24746,6552.0,38632.6
306,2018-12-14 05:48:50,9516,71240,6963.15,41238.95
307,2018-12-14 05:47:57,3630,26541,7033.0,42123.9
308,2018-12-14 05:47:48,3466,26737,6402.65,39495.55
309,2018-12-14 05:46:07,3870,28030,6295.3,37294.45
310,2018-12-14 05:33:45,10033,48585,6597.85,38576.35
311,2018-12-14 05:31:27,6054,45860,6834.55,40003.5
312,2018-12-14 05:29:13,26614,122337,8153.35,46005.2
313,2018-12-14 05:28:06,2494,22755,8264.55,47027.05
314,2018-12-14 05:24:56,7079,29561,8446.65,46448.85
315,2018-12-14 05:24:40,17744,64412,9125.35,47570.7
316,2018-12-14 05:23:28,25305,122079,9660.6,50648.75
317,2018-12-14 05:11:58,2219,19858,9084.75,49025.8
318,2018-12-14 05:10:11,16545,56969,9202.75,49789.25
319,2018-12-14 05:06:26,7544,27964,8855.5,48308.65
320,2018-12-14 05:06:15,7761,32540,8958.45,47772.15
321,2018-12-14 04:43:48,2710,19864,8826.2,46818.45
322,2018-12-14 04:34:41,5397,34417,8758.6,46117.5
323,2018-12-14 04:34:10,4285,29455,8474.7,44309.3
324,2018-12-14 04:33:59,2799,23184,8392.05,43856.7
325,2018-12-14 04:33:17,4533,30859,8479.9,44162.35
326,2018-12-14 04:33:02,2661,23487,8137.15,41774.7
327,2018-12-14 04:32:46,3270,24537,8119.15,41674.5
328,2018-12-14 04:32:20,9783,34327,8435.0,42054.0
329,2018-12-14 04:32:02,1737,17060,8328.35,41505.5
330,2018-12-14 04:31:44,2137,18715,7933.55,40012.0
331,2018-12-14 04:30:57,8002,38355,8030.95,39636.75
332,2018-12-14 04:30:38,3689,29556,6884.7,34997.7
333,2018-12-14 04:30:13,3224,24433,6921.2,35081.6
334,2018-12-14 04:29:47,5589,37448,6846.7,35475.95
335,2018-12-14 04:03:25,23428,65868,7130.9,35548.75
336,2018-12-14 03:47:15,4543,40954,6092.8,31492.5
337,2018-12-14 03:46:39,4808,46376,6222.25,32818.4
338,2018-12-14 03:29:39,14876,67727,6138.8,33356.3
339,2018-12-14 03:29:24,6058,44553,6064.5,34185.75
340,2018-12-14 03:28:59,5497,40314,5951.3,34574.45
341,2018-12-14 03:28:09,9545,44100,6293.05,35786.25
342,2018-12-14 03:27:34,6563,47901,6351.35,36460.45
343,2018-12-14 03:27:21,1863,19492,6230.25,35962.3
344,2018-12-14 03:26:27,21080,75754,7144.3,38590.8
345,2018-12-14 03:26:10,5151,30963,7175.2,38596.0
346,2018-12-14 03:26:00,3177,24685,7201.0,38655.9
347,2018-12-14 03:25:18,14960,52933,7785.5,40075.7
348,2018-12-14 03:24:22,2366,20602,7414.65,39389.45
349,2018-12-14 03:23:57,4867,34054,7571.15,40239.15
350,2018-12-14 03:23:28,3691,27424,7648.85,40674.6
351,2018-12-14 03:22:59,3792,24436,7438.35,39978.65
352,2018-12-14 03:21:52,15176,42630,8012.7,40632.35
353,2018-12-14 03:21:44,6086,26879,8155.8,40754.65
354,2018-12-14 03:21:30,2525,18462,8002.6,39805.35
355,2018-12-14 03:21:11,3218,20070,6992.1,37515.45
356,2018-12-14 03:19:53,5348,30092,7032.35,36972.35
357,2018-12-14 03:19:19,2490,20174,6916.45,35662.25
358,2018-12-14 03:18:57,4415,31921,6393.4,33871.95
359,2018-12-14 03:17:50,8714,31522,6526.2,33220.4
360,2018-12-14 03:17:42,6554,27117,6579.05,32560.55
361,2018-12-14 03:17:33,6110,35546,6407.3,32132.85
362,2018-12-14 03:17:11,2379,18664,6198.1,30671.0
363,2018-12-14 03:16:45,3177,25208,6263.8,30956.8
364,2018-12-14 03:16:23,3702,26099,5394.9,28474.05
365,2018-12-14 03:15:59,18996,87246,6087.15,31288.2
366,2018-12-14 03:15:04,7212,50473,6288.9,32577.6
367,2018-12-14 03:13:39,5836,42529,5832.7,32057.4
368,2018-12-14 03:10:23,3736,26119,5901.2,32333.25
369,2018-12-14 03:09:52,2974,21823,5806.55,31721.7
370,2018-12-14 03:09:04,4669,27726,5855.45,31736.8
371,2018-12-14 03:08:24,5435,37926,5937.6,32411.3
372,2018-12-14 03:07:32,8203,42201,5588.95,32389.85
373,2018-12-14 03:07:04,4300,26571,5499.65,32374.45
374,2018-12-14 03:05:17,6536,31757,5700.2,33039.2
375,2018-12-14 03:04:58,3783,23000,5728.45,33185.7
376,2018-12-14 03:04:26,21906,75249,6556.35,35443.55
377,2018-12-14 03:04:10,42495,100664,8556.6,39468.05
378,2018-12-14 03:03:58,3963,28164,8534.0,39280.2
379,2018-12-14 03:03:47,4151,28929,8305.85,39150.55
380,2018-12-14 03:03:24,17629,86119,8859.6,42100.65
381,2018-12-14 03:02:51,4274,32466,8767.8,41946.65
382,2018-12-14 03:01:11,6489,40104,8973.3,43018.65
383,2018-12-14 03:00:43,51003,161272,11364.6,49821.85
384,2018-12-14 02:59:52,4272,27924,11393.1,49913.1
385,2018-12-14 02:59:32,3876,20942,10637.1,46597.9
386,2018-12-14 02:59:25,1743,16277,10363.65,44888.1
387,2018-12-14 02:59:13,5244,26124,10334.05,44067.85
388,2018-12-14 02:58:55,5346,28949,10414.55,44209.35
389,2018-12-14 02:58:21,2312,18507,10381.45,44043.55
390,2018-12-14 02:57:56,24614,66416,11378.7,45978.05
391,2018-12-14 02:57:47,9937,45372,11603.8,46350.35
392,2018-12-14 02:57:31,5188,27827,11453.05,45631.65
393,2018-12-14 02:57:23,11092,45697,11792.65,46587.95
394,2018-12-14 02:57:03,4779,28420,11704.8,46421.1
395,2018-12-14 02:56:34,6920,38159,11861.65,47179.05
396,2018-12-14 02:56:19,3576,23843,10945.15,44608.75
397,2018-12-14 02:55:02,12326,48946,9436.7,42022.85
398,2018-12-14 02:54:50,4853,23641,9481.2,41796.7
399,2018-12-14 02:54:19,10911,54593,9819.2,43079.9
400,2018-12-14 02:53:24,6294,28129,9252.45,40180.4
401,2018-12-14 02:52:49,23803,101801,10228.9,43647.15
402,2018-12-14 02:51:36,3238,22364,10066.35,42760.15
403,2018-12-14 02:50:13,5046,27367,7768.5,36064.9
404,2018-12-14 02:50:11,28532,122465,8981.5,40791.95
405,2018-12-14 02:08:19,15542,48061,9564.8,42147.9
406,2018-12-14 00:21:58,216,0,9488.45,41334.05
407,2018-12-13 21:27:58,12817,78726,9867.1,43964.15
408,2018-12-13 21:18:34,11069,58412,10153.25,45437.3
409,2018-12-13 21:18:24,31448,170561,11610.05,53040.0
410,2018-12-13 21:12:42,3920,20247,10575.35,50731.55
411,2018-12-13 21:06:43,4912,30954,10324.1,50010.65
412,2018-12-13 21:06:16,7091,43416,10419.25,50790.1
413,2018-12-13 21:03:29,2116,14860,9970.45,49248.25
414,2018-12-13 21:03:15,1784,13193,9820.7,48486.9
415,2018-12-13 21:02:31,4543,27331,9701.85,47945.5
416,2018-12-13 21:01:37,4402,24709,9743.15,47988.8
417,2018-12-13 21:01:15,4549,27291,9354.3,46906.05
418,2018-12-13 20:59:59,7124,40341,9467.85,47741.05
419,2018-12-13 20:58:26,8565,42283,9350.55,47125.55
420,2018-12-13 20:56:53,24868,117023,10279.25,51570.25
421,2018-12-13 20:55:11,12531,67315,9715.65,49845.95
422,2018-12-13 20:54:14,8230,39655,9965.25,50710.5
423,2018-12-13 20:53:18,7646,33385,10095.25,51011.4
424,2018-12-13 19:27:26,747,12679,8706.0,45522.1
425,2018-12-13 19:17:49,729,8770,7965.35,43557.55
426,2018-12-13 17:04:15,19549,65407,8932.0,46827.9
427,2018-12-12 22:43:19,4092,29448,8495.75,44364.0
428,2018-12-12 20:45:45,9233,72402,8403.95,45063.5
429,2018-12-12 18:11:57,640,8377,6863.55,36954.3
430,2018-12-12 17:55:56,4645,33479,6899.8,37615.9
431,2018-12-12 17:55:01,460,5319,6677.2,36334.15
432,2018-12-11 15:10:46,10026,67277,6823.95,37527.2
433,2018-12-11 00:52:06,701,6647,6753.2,37116.55
434,2018-12-10 22:05:12,2625,38088,6795.25,38361.3
435,2018-12-10 22:04:10,1564,16493,6646.3,37819.4
436,2018-12-10 21:52:37,47,546,6428.55,36611.25
437,2018-12-10 21:52:24,923,9007,6247.25,35697.05
438,2018-12-10 21:52:02,331,5051,5907.6,33932.55
439,2018-12-10 21:51:47,823,6514,5520.5,32144.1
440,2018-12-10 21:51:46,344,5210,4294.3,26553.45
441,2018-12-10 21:51:30,3311,26891,3833.3,24532.25
442,2018-12-10 21:12:16,664,9473,3455.0,23023.15
443,2018-12-10 21:09:17,309,4843,3088.15,21596.05
444,2018-12-09 00:54:09,60839,0,6092.75,20962.1
445,2018-12-09 00:53:30,744,0,6093.5,20523.6
446,2018-12-07 23:28:04,15861,62119,5909.1,20359.2
447,2018-12-07 22:35:53,1693,0,5789.15,18886.8
448,2018-12-07 20:26:34,4828,0,5568.9,15266.7
449,2018-12-06 14:13:14,300,0,5551.9,14847.85
450,2018-12-06 14:12:09,511,0,5345.2,13173.9
451,2018-12-06 14:11:27,16096,0,6127.0,12907.95
452,2018-12-04 03:15:01,776,16513,5664.5,10369.75
453,2018-12-04 01:41:04,393,3582,5649.1,10216.5
454,2018-12-03 18:35:24,7379,41259,5886.8,10375.05
455,2018-12-03 18:34:06,29460,0,7281.6,9550.4
456,2018-12-02 18:39:41,5760,41072,7567.25,11576.7
457,2018-11-30 21:04:42,33328,97708,9187.5,16011.75
458,2018-11-29 00:40:37,2119,0,9276.9,15759.2
459,2018-11-28 05:26:34,806,11089,9276.05,15987.95
460,2018-11-28 05:26:13,505,5014,9284.1,15978.15
461,2018-11-24 22:20:52,3724,27028,9304.75,15985.0
462,2018-11-24 22:19:27,1924,21756,9367.75,16599.15
463,2018-11-24 22:18:39,695,7937,9387.05,16753.85
464,2018-11-24 22:17:17,3564,31080,6523.3,18307.85
465,2018-11-24 22:15:36,323,5031,6502.25,18559.4
466,2018-11-24 22:14:55,1289,9170,5773.65,15911.95
467,2018-11-24 22:13:09,526,5523,5715.3,16188.1
468,2018-11-24 22:10:06,385,5503,5493.15,16463.25
469,2018-11-22 23:55:35,546,0,5505.45,16463.25
470,2018-11-22 23:55:13,239,0,5491.85,16463.25
471,2018-11-22 23:54:17,1802,0,4777.15,16463.25
472,2018-11-22 23:54:03,1213,0,4799.0,15637.6
473,2018-11-21 05:38:40,19203,0,5739.5,15458.5
474,2018-11-20 14:53:08,4354,0,5588.25,13395.55
475,2018-11-18 22:55:34,1254,21991,4177.95,14495.1
476,2018-11-18 18:56:15,12170,55919,4498.45,15237.45
477,2018-11-17 03:33:01,1654,0,2914.75,10352.05
478,2018-11-17 03:32:45,5207,0,3069.15,10352.05
479,2018-11-17 01:50:40,13464,0,3702.05,9797.6
480,2018-11-17 01:50:08,1497,11535,3751.65,10123.65
481,2018-11-16 16:00:58,3025,31762,3716.7,10360.35
482,2018-11-16 03:10:38,764,5590,3658.7,9552.05
483,2018-11-15 19:16:52,1218,17736,3684.85,10042.0
484,2018-11-15 17:49:29,242,4124,3518.75,8694.2
485,2018-11-15 17:37:55,239,2524,3514.55,8568.85
486,2018-11-15 02:39:08,324,3282,3466.3,8274.45
487,2018-11-15 02:19:29,9657,78974,3922.85,11947.0
488,2018-11-14 20:45:05,2738,42290,4040.5,13786.35
489,2018-11-13 00:53:53,11248,111057,4575.6,19339.2
490,2018-11-13 00:34:53,210,1435,4574.15,19410.95
491,2018-11-12 22:23:33,1181,0,4543.1,19410.95
492,2018-11-12 22:23:04,246,0,4494.75,19410.95
493,2018-11-12 22:22:49,420,0,3555.6,19410.95
494,2018-11-12 22:22:12,6603,49469,3668.05,21884.4
495,2018-11-12 21:43:58,714,0,3641.05,20784.85
496,2018-11-12 21:43:18,1460,0,3105.55,17988.9
497,2018-11-12 16:22:11,20533,0,4049.5,17988.9
498,2018-11-12 16:18:15,1310,0,3854.65,17988.9
499,2018-11-12 16:18:08,1524,0,3257.65,17988.9
500,2018-11-11 21:15:36,10321,77573,3698.85,21290.8
501,2018-11-11 11:03:56,5899,56932,3842.55,22549.3
502,2018-11-11 10:21:38,11938,0,4401.25,22269.8
503,2018-11-11 01:42:04,4591,33851,4569.9,23075.55
504,2018-11-10 20:38:37,3802,35011,4747.9,24619.9
505,2018-11-10 19:53:59,162,0,4744.05,24493.7
506,2018-11-10 19:53:41,3661,36441,4910.9,26151.65
507,2018-11-10 19:53:07,1949,21598,4525.5,23282.85
508,2018-11-10 18:38:28,841,0,4430.65,21168.35
509,2018-11-09 22:44:58,5810,0,4158.75,15615.5
510,2018-11-09 16:46:28,232,0,4159.85,15543.75
511,2018-11-09 16:45:07,4030,61420,4302.3,18614.75
512,2018-11-09 04:28:51,2998,0,4439.9,18614.75
513,2018-11-09 03:06:47,3917,33924,4614.75,20310.95
514,2018-11-09 01:07:55,3416,34142,4455.4,19544.6
515,2018-11-08 23:43:51,206,1457,4430.0,19617.45
516,2018-11-08 21:26:08,4233,21641,4568.65,20699.5
517,2018-11-08 20:09:49,83,752,3546.15,20737.1
518,2018-11-08 17:50:02,354,0,3498.35,20737.1
519,2018-11-08 17:46:22,11956,44009,4019.95,22937.55
520,2018-11-08 17:33:25,44892,133160,5748.5,25716.9
521,2018-11-07 16:51:29,8233,76491,5865.2,26694.85
522,2018-11-04 14:23:29,61087,258488,8322.65,39619.25
523,2018-11-03 02:50:03,1015,10141,8143.85,38433.75
524,2018-11-03 01:06:38,713,5390,7989.4,36952.7
525,2018-11-02 19:34:55,248,2791,7993.7,37092.25
526,2018-11-01 17:40:11,57286,0,10674.95,35270.2
527,2018-11-01 17:38:57,3507,0,10752.85,34190.3
528,2018-11-01 17:37:14,213,0,10721.45,34190.3
529,2018-11-01 17:35:33,15805,0,11221.2,34190.3
530,2018-11-01 02:56:54,20677,193428,12243.45,43861.7
531,2018-10-31 22:30:43,26147,113314,13349.3,46456.4
532,2018-10-30 21:25:07,63948,309299,16396.8,61921.35
533,2018-10-30 21:25:00,3832,25787,16392.55,61514.5
534,2018-10-30 20:20:24,4432,36546,16443.35,61634.7
535,2018-10-30 20:20:22,7192,48926,16792.65,64008.15
536,2018-10-30 20:20:20,5801,42010,16871.05,65026.6
537,2018-10-30 19:33:43,1270,0,16930.4,64989.0
538,2018-10-30 19:33:32,269,0,16926.15,64989.0
539,2018-10-30 19:20:48,160,0,16336.35,62788.55
540,2018-10-30 18:53:46,318,0,14107.65,56130.55
541,2018-10-30 17:43:23,521,0,13722.05,52306.0
542,2018-10-30 16:53:20,3633,33268,10849.35,41045.0
543,2018-10-30 14:42:08,1384,17378,10867.8,41406.85
544,2018-10-30 11:40:53,1107,0,10887.5,41137.35
545,2018-10-30 11:26:20,762,0,10913.2,40997.8
546,2018-10-30 11:25:32,406,0,8069.2,40997.8
547,2018-10-30 11:25:28,233,0,7905.5,40997.8
548,2018-10-30 11:22:22,588,9336,7924.25,41464.6
549,2018-10-29 22:14:22,3342,16952,7301.1,42312.2
550,2018-10-29 22:01:58,87,0,6271.6,32640.8
551,2018-10-29 21:42:26,2126,7604,5070.55,27355.3
552,2018-10-29 19:58:05,217,0,1884.0,11890.35
553,2018-10-29 19:21:21,1375,0,1761.15,10601.0
554,2018-10-29 18:50:34,381,0,1558.6,8773.7
555,2018-10-29 18:34:50,207,0,1209.35,6327.4
556,2018-10-29 15:53:59,4641,0,1151.35,4226.9
557,2018-10-29 14:39:20,4421,29648,1308.9,5709.3
558,2018-10-29 12:58:50,1548,0,1372.85,5709.3
559,2018-10-29 12:57:09,1038,0,1416.75,5709.3
560,2018-10-29 11:11:46,2673,0,1534.5,5709.3
561,2018-10-29 11:08:31,499,0,1533.4,5709.3
562,2018-10-29 11:07:23,299,0,1366.7,4045.9
563,2018-10-29 11:05:24,3715,0,1483.25,3177.0
564,2018-10-29 11:03:52,532,0,1454.5,3177.0
565,2018-10-29 03:56:05,221,0,1427.45,3177.0
566,2018-10-29 03:56:02,207,0,1417.5,3177.0
567,2018-10-29 03:55:53,383,0,1425.0,3177.0
568,2018-10-28 22:12:34,502,0,1420.7,2710.2
569,2018-10-28 18:53:50,3433,41695,1425.25,3947.35
570,2018-10-28 18:48:50,376,0,1439.7,3947.35
571,2018-10-28 18:23:09,225,0,1344.65,3567.15
572,2018-10-28 18:23:02,211,0,1344.35,3567.15
573,2018-10-28 18:22:19,353,0,1293.25,3567.15
574,2018-10-28 18:21:48,238,0,1286.1,3567.15
575,2018-10-28 18:21:02,4683,34296,1509.9,5281.95
576,2018-10-28 16:27:12,7832,32099,1669.45,6886.9
577,2018-10-28 15:17:35,123,0,1454.55,5404.5
578,2018-10-28 15:17:20,108,0,1382.55,5404.5
579,2018-10-28 14:07:00,1455,16312,1403.4,6220.1
580,2018-10-28 04:10:37,831,4701,1311.3,6455.15
581,2018-10-28 02:12:52,5221,50325,1547.4,8971.4
582,2018-10-27 16:16:21,858,0,1575.35,8971.4
583,2018-10-27 16:15:22,6678,0,1723.5,8971.4
584,2018-10-27 16:05:50,6678,41510,2030.8,11046.9
585,2018-10-26 22:45:58,6424,47989,2340.95,13446.35
586,2018-10-26 21:59:13,884,0,2374.8,13446.35
587,2018-10-26 19:14:20,1309,15216,2421.1,14207.15
588,2018-10-26 19:11:41,922,13823,2442.1,14898.3
589,2018-10-25 15:26:18,283,0,2284.6,12813.55
590,2018-10-25 11:09:12,469,0,2289.25,12813.55
591,2018-10-24 22:34:45,1159,12343,2335.95,13430.7
592,2018-10-24 22:29:40,7170,55552,2683.9,16208.3
593,2018-10-24 11:15:46,198,0,2676.15,16208.3
594,2018-10-23 21:17:28,246,0,2676.55,16208.3
595,2018-10-23 19:56:04,13887,0,3136.75,14493.5
596,2018-10-23 19:55:14,19090,130099,3699.65,19393.5
597,2018-10-23 02:45:31,794,4647,3733.2,19625.85
598,2018-10-23 02:42:58,195,1995,3737.55,19725.6
599,2018-10-23 01:34:00,248,0,3677.2,18910.0
600,2018-10-23 00:56:57,641,0,3667.7,18674.95
601,2018-10-22 23:30:28,337,0,3423.5,16158.7
602,2018-10-22 20:56:14,760,0,3418.6,16158.7
603,2018-10-22 14:07:16,1465,0,3157.95,16158.7
604,2018-10-22 14:06:09,5451,0,3096.6,14083.2
605,2018-10-22 11:29:21,400,0,2795.4,11683.75
606,2018-10-22 11:29:04,658,0,2784.1,11683.75
607,2018-10-22 11:06:52,151,0,2726.2,10922.95
608,2018-10-22 11:06:39,323,2863,2696.25,10374.95
609,2018-10-22 09:39:10,643,5389,2714.25,10644.4
610,2018-10-22 07:54:25,271,2397,2704.35,10764.25
611,2018-10-22 07:53:02,426,3545,2667.7,10324.35
612,2018-10-21 10:31:33,1395,17952,2378.95,8444.35
613,2018-10-20 23:26:35,2536,24219,2495.85,9655.3
614,2018-10-20 21:41:13,166,0,2491.85,9655.3
615,2018-10-20 21:41:05,107,0,1802.85,9655.3
616,2018-10-20 20:05:36,897,13782,893.2,3839.45
617,2018-10-20 19:59:50,61,818,856.55,3648.0
618,2018-10-20 17:50:09,3520,18395,1022.8,4468.0
619,2018-10-20 17:17:15,3650,30133,1192.9,5974.65
620,2018-10-19 23:07:08,887,0,1205.2,5974.65
621,2018-10-19 14:31:26,252,2764,1200.95,6112.85
622,2018-10-19 12:39:38,1716,15480,1248.75,6886.85
623,2018-10-19 08:21:38,557,6702,1203.35,7221.95
624,2018-10-18 18:24:45,4016,24845,1131.6,8464.2
625,2018-10-18 09:56:36,1133,10508,1168.25,8989.6
626,2018-10-16 10:59:29,929,5991,1181.8,9289.15
627,2018-10-16 10:59:12,2272,15986,1287.85,10088.45
628,2018-10-16 10:34:59,1021,5821,1322.75,10236.35
629,2018-10-16 10:01:50,1190,6742,1350.1,10304.0
630,2018-10-16 07:33:27,471,3429,1360.1,10355.6
631,2018-10-14 23:38:51,2810,16577,1479.3,11007.2
632,2018-10-14 20:57:14,389,3061,1429.0,10262.65
633,2018-10-14 19:25:33,659,7954,1335.15,9449.4
634,2018-10-14 14:01:53,1860,7086,1419.85,9803.7
635,2018-10-14 13:56:38,620,3499,1445.5,9978.65
636,2018-10-14 13:51:20,536,4394,1427.45,9509.25
637,2018-10-13 23:29:40,8285,24740,1838.65,10705.35
638,2018-10-13 23:28:50,603,3976,1692.8,9984.4
639,2018-10-13 23:27:54,500,3120,1535.3,8633.75
640,2018-10-13 21:25:01,1079,6395,1544.9,8953.5
641,2018-10-05 02:00:18,327,3684,1548.65,8999.5
642,2018-10-04 14:39:07,2819,11032,1603.8,8777.1
643,2018-10-04 14:22:36,366,3498,1594.25,8616.9
644,2018-10-04 14:21:44,244,3073,1405.65,7528.3
645,2018-10-04 14:21:18,196,2151,1358.8,7110.45
646,2018-10-04 13:47:24,235,2758,1324.1,6948.8
647,2018-10-04 13:43:12,260,3221,1223.5,6310.55
648,2018-10-04 13:42:28,348,3064,1189.85,6172.7
649,2018-10-04 05:09:59,1665,12821,1213.6,6476.65
650,2018-10-03 21:44:14,472,3804,1213.65,6495.4
651,2018-10-03 19:41:12,290,2953,1087.65,5814.2
652,2018-10-03 19:39:33,313,2563,1083.85,5789.3
653,2018-10-03 19:37:56,314,2626,1066.6,5522.9
654,2018-10-03 19:35:50,362,2494,991.7,5293.3
655,2018-10-03 19:33:50,227,2145,972.05,5225.6
656,2018-10-03 19:31:51,264,2383,958.45,5125.05
657,2018-10-03 19:25:03,239,3051,556.15,4040.6
658,2018-10-03 19:19:33,299,4014,540.95,4042.5
659,2018-10-03 19:18:23,380,3734,534.95,4073.2
660,2018-10-03 19:17:01,7338,55196,847.9,6513.25
661,2018-10-03 13:32:35,1151,12243,889.1,6941.2
662,2018-10-03 13:32:23,1985,21704,847.4,7474.8
663,2018-10-03 13:31:20,1552,10523,906.7,7826.05
664,2018-10-03 03:52:21,1424,7307,965.7,8037.75
665,2018-10-03 02:30:17,514,3434,981.6,8101.9
666,2018-10-02 23:48:16,668,7136,1003.25,8320.8
667,2018-10-02 23:35:43,1095,9189,1045.0,8619.2
668,2018-10-02 23:10:49,45,472,1029.85,8489.6
669,2018-10-02 22:50:56,6130,59033,1253.1,10800.2
670,2018-10-02 21:45:17,874,9958,1273.2,11107.9
671,2018-10-02 21:44:54,521,4771,1284.75,11198.8
672,2018-10-02 19:44:44,1333,11289,1335.75,11635.1
673,2018-10-02 19:25:26,481,4551,1344.1,11731.35
674,2018-10-02 18:28:42,1396,9209,1395.8,12067.1
675,2018-10-02 18:28:10,398,4819,1404.35,12200.8
676,2018-10-02 16:33:57,25149,93955,2648.6,16779.4
677,2018-10-01 16:41:15,38801,0,4576.7,16626.85
678,2018-10-01 16:41:06,3440,22372,4733.75,17544.75
679,2018-10-01 01:16:48,932,10045,4761.35,17860.3
680,2018-09-30 22:54:11,2115,19422,4500.2,16071.6
681,2018-09-30 22:51:51,853,8335,4485.3,15876.2
682,2018-09-30 20:20:28,1752,17900,4473.65,15686.0
683,2018-09-30 20:00:47,4372,28090,4614.65,16564.35
684,2018-09-30 19:07:43,10927,84683,5089.8,20433.15
685,2018-09-30 18:27:18,24015,108874,6264.85,25705.15
686,2018-09-30 18:15:31,5190,37013,6490.95,27199.0
687,2018-09-30 18:14:55,402,5649,6456.3,27022.0
688,2018-09-30 18:04:07,1975,14996,6552.8,27748.2
689,2018-09-30 18:03:31,696,7886,6281.1,25190.85
690,2018-09-30 17:59:20,3353,21785,6405.05,25782.2
691,2018-09-30 17:30:11,1641,13696,6461.05,26228.45
692,2018-09-30 16:12:46,501,7871,6419.45,26057.55
693,2018-09-30 15:59:07,2040,23666,6497.4,27013.3
694,2018-09-30 15:58:55,1031,12576,6479.15,27181.65
695,2018-09-30 15:45:54,4799,49718,6699.2,29426.6
696,2018-09-30 14:37:38,25633,175154,6723.4,33486.55
697,2018-09-29 22:07:00,11476,86594,5357.15,37816.25
698,2018-09-29 15:48:56,36651,211041,7017.7,47249.7
699,2018-09-29 12:16:48,7832,49311,7362.7,49213.0
700,2018-09-28 02:31:05,3604,19643,7437.15,49224.05
701,2018-09-28 00:15:39,1078,12122,7448.4,49413.4
702,2018-09-27 22:49:22,484,5117,7385.0,48774.25
703,2018-09-27 22:29:05,1162,12987,7224.5,48019.1
704,2018-09-27 22:28:16,403,5370,6698.3,44053.45
705,2018-09-27 22:27:47,487,6415,5521.9,38930.5
706,2018-09-27 22:21:01,8854,70825,5705.1,40621.1
707,2018-09-27 22:18:06,1284,16077,5749.2,41142.5
708,2018-09-27 20:52:42,53397,159983,8320.3,48391.85
709,2018-09-27 19:54:39,871,11169,8329.05,48556.0
710,2018-09-27 19:54:23,717,8583,8197.25,47895.9
711,2018-09-27 19:48:39,741,8350,8152.25,47628.6
712,2018-09-27 19:48:22,1505,11806,8202.45,47825.35
713,2018-09-27 19:38:54,881,10426,8144.5,47163.35
714,2018-09-27 19:34:33,642,6893,8125.05,46879.2
715,2018-09-27 18:14:19,2891,29346,8029.65,45860.6
716,2018-09-27 15:15:00,1015,14202,6798.75,37813.0
717,2018-09-27 14:57:32,66497,248340,9549.8,45900.3
718,2018-09-27 14:13:47,438,4411,7739.15,35568.8
719,2018-09-27 14:13:19,556,4322,7375.35,33319.35
720,2018-09-27 14:13:07,681,6868,7229.2,32680.6
721,2018-09-27 03:16:28,688,8781,7209.7,32513.55
722,2018-09-27 03:02:21,2917,18973,7331.35,33206.35
723,2018-09-27 03:01:16,626,6720,7304.55,32893.0
724,2018-09-27 03:00:40,1365,10860,7352.65,33167.5
725,2018-09-27 00:07:08,1007,8903,7378.65,33291.9
726,2018-09-27 00:07:01,3436,29031,7107.75,31202.2
727,2018-09-27 00:06:52,1065,12640,7096.8,31030.35
728,2018-09-27 00:01:21,1135,12239,4483.7,23643.15
729,2018-09-27 00:01:14,607,5673,4470.5,23368.35
730,2018-09-27 00:00:31,334,3315,4451.35,23104.95
731,2018-09-26 23:58:54,320,3264,4430.3,22850.65
732,2018-09-26 23:58:03,462,4058,4378.15,22463.25
733,2018-09-26 21:23:17,1005,13191,4384.35,22601.5
734,2018-09-26 01:56:17,2231,29835,4463.8,23748.6
735,2018-09-26 00:01:13,850,9321,4361.75,22747.35
736,2018-09-25 21:34:18,515,6775,4336.75,22376.0
737,2018-09-25 17:37:03,818,9112,1052.8,10414.6
738,2018-09-25 16:46:59,580,7088,1059.9,10548.45
739,2018-09-25 15:17:51,1917,25709,1127.95,11617.8
740,2018-09-24 21:53:35,3334,32402,1260.6,12894.5
741,2018-09-24 16:47:00,7398,34900,1596.1,14200.45
742,2018-09-24 16:34:18,7982,48380,1849.35,15670.8
743,2018-09-24 16:13:44,1552,10748,1895.65,15872.2
744,2018-09-24 00:43:41,4682,48478,2061.5,17753.1
745,2018-09-23 19:13:33,13285,126055,2675.4,23610.7
746,2018-09-23 03:02:05,3682,24349,2687.7,23376.6
747,2018-09-23 02:34:17,2144,18919,2741.65,23690.55
748,2018-09-23 02:09:39,279,4677,2698.85,23312.45
749,2018-09-23 02:09:27,406,4896,2688.8,23273.6
750,2018-09-23 01:46:24,6965,80140,3020.35,27114.85
751,2018-09-23 01:37:19,1392,15756,3073.95,27739.45
752,2018-09-22 22:20:29,10425,47427,3572.1,29907.9
753,2018-09-22 21:28:59,7149,38946,3879.3,31195.65
754,2018-09-22 21:13:44,8037,35038,4169.6,31455.8
755,2018-09-22 17:42:15,5302,28726,4392.2,32426.05
756,2018-09-22 17:41:35,3689,20570,4550.9,33115.8
757,2018-09-22 17:41:24,1912,12821,4605.6,33301.25
758,2018-09-22 17:41:15,2764,17018,4714.8,33797.75
759,2018-09-22 17:32:11,1790,16409,4708.45,33332.75
760,2018-09-22 17:16:27,11265,61953,5105.0,34810.3
761,2018-09-22 17:16:14,3163,21645,4893.25,34147.55
762,2018-09-22 17:15:59,2415,16396,4614.9,32548.35
763,2018-09-22 16:31:12,653,8542,4569.95,32438.05
764,2018-09-22 15:49:34,2539,13547,4462.8,30691.5
765,2018-09-22 15:14:14,1274,15405,3862.25,25159.0
766,2018-09-22 13:47:09,5488,54506,3952.55,26666.85
767,2018-09-22 12:35:41,4442,22785,4067.45,26860.15
768,2018-09-22 11:59:15,2139,20339,4160.45,27643.25
769,2018-09-22 11:55:51,662,6606,4173.25,27728.75
770,2018-09-22 03:11:43,396,5032,3844.8,23973.35
771,2018-09-22 03:10:54,338,4186,3792.1,23394.85
772,2018-09-22 03:08:59,248,2779,3283.25,21162.45
773,2018-09-22 03:08:07,402,3726,2945.9,19401.45
774,2018-09-22 03:07:52,306,3007,2559.35,17799.9
775,2018-09-22 03:07:35,284,2979,2308.45,16512.55
776,2018-09-22 03:06:59,256,2708,2136.8,15619.45
777,2018-09-22 03:06:41,247,2516,2053.55,15104.2
778,2018-09-22 03:06:25,227,2425,1926.7,14374.55
779,2018-09-22 03:06:01,365,2736,1855.45,13690.9
780,2018-09-22 03:05:33,288,2911,1306.6,10738.8
781,2018-09-22 03:04:56,305,2859,1163.7,9799.5
782,2018-09-22 01:36:28,549,7582,1070.4,9358.8
783,2018-09-22 01:35:59,686,7500,1072.05,9306.7
784,2018-09-22 01:35:15,25013,134880,2195.75,15373.35
785,2018-09-22 01:34:14,976,9349,2180.85,15070.55
786,2018-09-20 20:35:11,2337,20589,2023.3,13374.7
787,2018-09-20 20:11:48,550,4975,1828.7,12484.2
788,2018-09-20 18:51:47,260,2459,1734.75,11590.2
789,2018-09-20 18:50:53,637,3892,1733.5,11454.5
790,2018-09-20 18:22:25,763,6453,1751.85,11525.55
791,2018-09-20 18:10:14,209,2193,1745.4,11425.9
792,2018-09-20 18:09:26,204,2114,1743.2,11392.65
793,2018-09-20 18:08:23,633,5371,1754.75,11474.9
794,2018-09-20 17:10:41,357,2414,1757.3,11445.25
795,2018-09-20 17:10:23,387,2607,1762.45,11426.65
796,2018-09-20 17:10:07,451,2807,1772.2,11431.6
797,2018-09-20 17:09:53,366,2433,1778.15,11427.45
798,2018-09-20 14:42:32,346,4144,1784.1,11513.4
799,2018-09-20 14:16:22,1834,10328,1857.55,11893.0
800,2018-09-20 14:16:03,42387,204095,3962.5,21952.2
801,2018-09-19 23:33:15,923,6792,3993.4,22148.85
802,2018-09-19 04:27:09,5352,33421,4233.55,23440.8
803,2018-09-18 22:23:56,349,3942,4216.7,23262.9
804,2018-09-18 19:21:01,450,6351,2988.55,16836.45
805,2018-09-18 12:45:11,16501,76498,3764.8,20193.9
806,2018-09-18 03:45:05,47462,154846,6021.05,26906.75
807,2018-09-18 03:09:39,1055,11321,6046.3,27224.05
808,2018-09-18 03:09:05,757,7739,6071.15,27488.05
809,2018-09-18 03:08:33,3554,30015,6217.0,28794.2
810,2018-09-18 03:07:41,1158,9148,6236.75,28928.95
811,2018-09-18 03:07:17,634,6643,6258.0,29151.45
812,2018-09-18 03:06:23,656,6708,6280.6,29381.15
813,2018-09-18 03:06:01,450,5399,6271.45,29382.55
814,2018-09-18 03:05:20,562,5742,6281.7,29548.95
815,2018-09-18 03:04:31,960,10299,6310.35,29933.55
816,2018-09-18 00:20:51,1636,11380,6369.6,30362.2
817,2018-09-18 00:20:27,714,7000,6387.0,30590.55
818,2018-09-18 00:20:03,713,6713,6405.35,30719.0
819,2018-09-18 00:19:23,613,5965,6344.3,30500.85
820,2018-09-18 00:18:53,988,8999,4274.35,20746.05
821,2018-09-18 00:18:21,2319,21813,4344.15,21497.1
822,2018-09-18 00:17:50,956,9647,4124.35,20308.4
823,2018-09-17 22:49:44,5056,0,4359.7,20111.3
824,2018-09-17 21:32:01,36553,158535,6164.85,27720.5
825,2018-09-17 21:24:03,809,8839,5380.25,24337.55
826,2018-09-17 20:13:31,1219,12049,3068.1,17197.7
827,2018-09-17 18:04:05,474,6260,3039.05,16944.65
828,2018-09-17 18:03:57,418,4138,3022.1,16764.6
829,2018-09-17 18:03:48,370,3611,2862.9,15444.4
830,2018-09-17 18:03:40,678,5838,2838.9,15278.9
831,2018-09-17 17:32:28,4287,23922,3021.55,16142.85
832,2018-09-17 17:29:44,5231,19912,3250.3,16803.05
833,2018-09-17 17:25:24,3056,13922,3380.6,17229.2
834,2018-09-17 16:46:42,7406,30539,3722.8,18469.05
835,2018-09-17 16:28:52,4099,22943,3879.75,19101.25
836,2018-09-17 15:11:54,27117,90543,5153.8,23059.4
837,2018-09-16 18:55:15,1025,7857,5169.35,23102.25
838,2018-09-16 18:54:21,591,5984,5163.25,23065.8
839,2018-09-16 17:09:05,396,4551,5152.4,22995.1
840,2018-09-16 17:07:27,270,3491,5116.5,22719.7
841,2018-09-16 16:24:50,268,3200,5013.95,21789.05
842,2018-09-16 15:57:46,4216,30637,5176.95,22838.55
843,2018-09-16 03:12:11,1437,13412,4996.0,23509.15
844,2018-09-15 21:54:49,2585,36104,3297.6,17387.6
845,2018-09-15 20:11:52,624,8254,3288.35,17358.35
846,2018-09-15 16:18:32,5005,37434,3477.65,18627.6
847,2018-09-15 01:20:53,3684,42548,3638.15,20442.0
848,2018-09-15 00:37:41,1069,14380,3670.7,20954.1
849,2018-09-14 18:23:25,1994,10468,3751.9,21296.95
850,2018-09-14 17:41:39,9707,60628,4203.35,24036.45
851,2018-09-13 21:10:45,88800,269967,8429.0,36338.7
852,2018-09-13 00:06:44,7010,37171,8517.95,37201.65
853,2018-09-12 18:58:09,13718,73908,9051.05,40200.95
854,2018-09-11 22:48:38,48202,144804,11090.85,45914.2
855,2018-09-10 21:30:52,5445,34163,11158.15,46475.2
856,2018-09-10 21:16:26,8301,72470,10217.35,45571.55
857,2018-09-10 19:09:55,2572,17793,10294.7,46068.35
858,2018-09-10 18:34:28,35442,123021,12037.25,51920.2
859,2018-09-10 06:02:12,874,11045,12061.15,52244.9
860,2018-09-10 05:41:18,1922,20207,12143.75,53080.7
861,2018-09-10 03:27:21,6271,68160,12443.9,56328.7
862,2018-09-10 03:21:01,37476,113387,14106.9,60466.2
863,2018-09-10 03:19:44,1130,13872,14091.55,60489.2
864,2018-09-10 03:18:06,500,8181,13987.3,59093.05
865,2018-09-10 03:12:30,5428,60138,14227.5,61687.25
866,2018-09-08 23:45:00,81342,248489,18044.35,72240.0
867,2018-09-08 18:45:29,15864,90383,18653.35,74631.75
868,2018-09-08 12:08:24,24005,96863,19800.15,78755.9
869,2018-09-07 18:13:50,18196,85101,20610.25,82487.55
870,2018-09-07 02:55:22,1602,11718,20205.0,80042.05
871,2018-09-05 08:45:55,7440,55123,16137.0,69299.85
872,2018-09-05 08:45:42,4872,31958,16030.1,69039.2
873,2018-09-05 08:38:56,10770,68640,15882.7,68775.8
874,2018-09-05 08:36:41,3327,21397,13638.95,62605.45
875,2018-09-05 08:35:09,3983,24389,13565.85,62116.75
876,2018-09-05 08:32:51,2700,17470,13285.8,59366.75
877,2018-09-05 07:58:29,2881,20197,13301.25,59486.95
878,2018-09-05 07:58:10,5110,34643,11784.65,55068.05
879,2018-09-05 07:56:52,8972,51456,12189.55,57088.6
880,2018-09-02 05:17:31,434,5445,12115.15,56350.5
881,2018-08-31 02:05:31,1056,7160,11854.4,53300.5
882,2018-08-30 01:46:47,13867,71026,10673.95,51182.45
883,2018-08-28 20:57:47,11568,57355,11195.85,53356.6
884,2018-08-28 18:01:29,81809,182585,15261.3,62076.8
885,2018-08-28 03:09:36,5043,29571,15242.05,60548.45
886,2018-08-27 16:28:05,7505,49265,11550.2,50587.25
887,2018-08-27 16:00:09,6128,31235,11063.4,47629.85
888,2018-08-27 15:59:38,40801,159953,11903.2,50784.35
889,2018-08-27 15:36:44,1748,14556,11080.8,47257.1
890,2018-08-27 15:36:24,4266,29592,11214.0,48150.8
891,2018-08-22 16:59:33,1715,12122,10927.75,46000.75
892,2018-08-22 16:30:35,5315,48060,10949.9,46805.85
893,2018-08-22 14:44:28,1026,16753,10462.7,44211.5
894,2018-08-21 20:54:07,35199,145929,12056.3,50438.1
895,2018-08-21 18:12:55,38236,112780,13768.95,54857.65
896,2018-08-20 20:49:45,4201,51449,13844.0,56556.6
897,2018-08-13 20:29:17,5140,25131,13956.95,56803.3
898,2018-08-13 20:28:58,23160,93169,14859.45,59729.6
899,2018-08-13 17:35:17,13988,65012,15110.25,60407.4
900,2018-08-13 17:34:25,70022,205255,18589.65,70397.9
901,2018-08-13 13:58:30,1555,8530,18614.6,70466.4
902,2018-08-13 13:56:41,5639,0,18203.2,66915.1
903,2018-08-12 15:52:47,1976,12700,17723.6,64682.35
904,2018-08-11 23:52:51,3961,58647,13831.2,58485.45
905,2018-08-11 23:51:51,11559,85971,14157.0,61305.45
906,2018-08-11 23:51:30,16875,105812,14625.5,64132.8
907,2018-08-11 05:43:44,3672,0,14502.7,62571.05
908,2018-08-11 00:47:09,21233,99578,13524.3,59552.3
909,2018-08-10 18:49:01,608,5125,13467.3,59080.75
910,2018-08-10 18:33:31,18427,69832,14175.35,61092.75
911,2018-08-10 18:17:37,6969,57671,14438.05,63370.2
912,2018-08-10 15:00:38,3504,17088,14347.5,61821.6
913,2018-08-08 23:20:49,843,7860,14338.35,61376.95
914,2018-08-08 01:28:40,2211,0,12688.95,54080.5
915,2018-08-03 00:13:13,16313,110643,11592.8,53973.65
916,2018-08-03 00:12:21,7820,62621,11773.75,54532.25
917,2018-07-30 09:19:40,2924,33917,11662.95,54971.55
918,2018-07-29 21:20:52,9124,39914,10961.15,52308.8
919,2018-07-29 21:20:20,64414,176525,13482.45,57884.45
920,2018-07-29 21:19:51,5678,31669,10265.25,49205.15
921,2018-07-29 21:18:27,24180,65236,11396.5,52040.45
922,2018-07-29 21:17:37,38745,134642,13051.8,58772.55
923,2018-07-29 21:16:14,22793,102355,14092.65,63255.3
924,2018-07-29 21:15:33,19580,68833,14873.6,63764.6
925,2018-07-29 21:14:50,11815,41844,14886.4,61558.25
926,2018-07-29 21:14:38,7750,30177,14430.15,57776.5
927,2018-07-29 21:13:28,8376,31993,14665.35,59376.15
928,2018-07-29 21:13:14,21790,68219,14693.2,57808.2
929,2018-07-29 21:12:24,9874,35963,15156.5,59350.1
930,2018-07-27 21:12:18,181710,563598,23320.65,84038.4
931,2018-07-27 21:11:36,2974,26426,23120.9,82476.15
932,2018-07-27 21:11:15,3571,30300,23124.25,83136.75
933,2018-07-27 18:52:58,32040,101914,24684.1,87839.45
934,2018-07-27 17:36:22,14904,0,25318.75,87839.45
935,2018-07-27 17:18:21,8423,37371,24924.25,84175.85
936,2018-07-27 17:18:06,68905,186043,27978.5,90346.95
937,2018-07-27 17:16:14,31265,99232,29395.55,93612.7
938,2018-07-26 17:41:52,46940,172669,31286.35,100250.45
939,2018-07-26 17:41:43,26937,98355,29412.5,96341.95
940,2018-07-24 23:48:55,24650,136049,30361.1,101560.95
941,2018-07-19 22:18:04,944,10062,29199.3,98802.25
942,2018-07-15 18:57:15,35398,157023,29031.95,99921.3
943,2018-07-15 09:53:26,3288,27430,28056.7,96175.05
944,2018-07-15 09:51:50,7908,60632,27473.1,95765.0
945,2018-07-14 22:13:12,6996,68064,27232.15,97076.0
946,2018-07-14 22:12:58,23940,143061,28041.65,102720.2
947,2018-07-14 16:53:53,46972,158701,29971.45,109055.6
948,2018-07-13 00:05:51,69296,218351,32346.75,116562.2
949,2018-07-12 19:32:58,4860,35033,32096.05,116515.7
950,2018-07-12 18:36:12,6494,61057,23335.25,91388.65
951,2018-07-08 04:41:28,54913,188284,25932.2,99481.55
952,2018-07-07 23:30:48,609,7296,25784.1,98331.35
953,2018-06-27 18:49:11,798,6700,24222.0,93570.65
954,2018-06-27 18:49:00,1365,11004,23545.05,94120.85
955,2018-06-22 04:22:27,62109,238257,26229.35,104165.15
956,2018-06-15 01:29:00,3575,0,22962.85,94863.0
957,2018-06-14 12:44:23,92221,255731,26010.65,102687.95
958,2018-06-14 12:43:41,5012,35250,23914.25,95817.0
959,2018-06-14 12:35:52,11085,78073,23121.65,94802.9
960,2018-06-14 12:34:38,18756,91993,22826.95,92600.1
961,2018-06-14 12:33:51,21243,65730,23841.9,95383.5
962,2018-06-14 12:33:33,11484,38542,22646.2,89459.45
963,2018-06-14 12:33:15,7349,29033,22849.25,89539.6
964,2018-06-14 00:10:42,2304,0,22569.05,86508.0
965,2018-06-14 00:10:31,4297,36469,22434.1,84928.25
966,2018-06-14 00:10:07,591,0,21266.65,77775.2
967,2018-06-14 00:09:55,626,0,18949.35,69840.15
968,2018-06-13 18:00:02,44616,150915,17715.35,66468.35
969,2018-06-13 00:28:16,1336,15571,17539.15,65495.25
970,2018-06-12 23:43:11,548,6187,17241.85,62751.75
971,2018-06-12 23:32:50,156959,305489,22344.15,68612.0
972,2018-06-12 22:43:04,737,6971,22350.55,68595.75
973,2018-06-12 20:11:42,1998,10515,22410.55,68786.5
974,2018-06-12 19:37:55,2582,33757,22471.4,69924.15
975,2018-06-12 19:37:42,14644,158392,20098.15,65930.9
976,2018-06-12 01:39:20,17154,140993,20777.1,72980.55
977,2018-06-12 00:31:57,838,9036,16207.95,60645.8
978,2018-06-11 18:21:52,19514,103522,16933.05,64059.4
979,2018-06-11 18:21:40,7398,58104,16748.7,63060.95
980,2018-06-11 18:21:00,19147,146377,16768.25,65780.15
981,2018-06-11 16:22:16,1060,10486,15759.1,63017.95
982,2018-06-08 01:00:27,3346,17694,15352.2,61975.55
983,2018-06-07 21:07:53,47056,0,17337.55,60523.9
984,2018-06-07 03:12:12,5661,52933,17505.4,63170.55
985,2018-06-06 18:29:48,16071,0,18094.1,61347.1
986,2018-06-06 18:29:35,4475,0,18288.3,61347.1
987,2018-06-06 18:29:27,10799,0,18796.95,61347.1
988,2018-06-06 12:40:32,4477,24423,16790.0,55022.5
989,2018-06-06 04:41:55,877,8871,16767.05,54687.5
990,2018-06-06 02:47:43,7757,54422,17127.5,57099.25
991,2018-06-02 05:29:03,26302,151389,10594.65,49394.25
992,2018-06-01 19:51:15,2994,20198,10707.5,50055.6
993,2018-06-01 00:53:10,5546,24566,10884.9,50758.15
994,2018-05-25 05:02:00,17543,74550,11632.95,52797.8
995,2018-05-25 00:34:42,13660,134560,11583.75,51606.2
996,2018-05-24 22:23:34,8400,62284,11146.05,47670.75
997,2018-05-21 19:11:09,2322,15584,11220.25,47998.15
998,2018-05-21 19:10:09,2220,14150,10355.55,43529.55
999,2018-05-21 19:08:12,4595,25190,10215.4,41883.85
1000,2018-05-21 19:07:51,27128,125915,10614.45,40860.75
1001,2018-05-21 19:07:22,53900,218422,13256.45,51257.55
1002,2018-05-21 17:25:47,111010,280691,18639.65,64407.4
1003,2018-05-17 19:53:30,1892,15626,16381.45,65188.7
1004,2018-05-15 16:02:39,15194,144423,16858.1,69763.2
1005,2018-05-12 20:52:32,41421,155716,18125.6,77549.0
1006,2018-05-10 20:43:00,28433,122267,19323.5,83662.35
1007,2018-05-08 17:02:59,46974,186018,21132.25,92963.25
1008,2018-05-07 18:47:12,16540,82104,21735.4,95847.3
1009,2018-05-06 20:52:46,12374,66756,22310.25,98741.55
1010,2018-05-06 20:50:30,6657,38744,22255.25,97957.65
1011,2018-05-06 20:10:22,7621,68499,21321.2,93813.15
1012,2018-05-06 19:34:16,161707,378227,29256.85,111714.6
1013,2018-05-06 03:00:19,6747,65846,29316.9,113778.6
1014,2018-05-05 16:24:21,58722,231614,31375.85,121631.8
1015,2018-05-04 21:26:22,1898,21110,30787.75,115959.3
1016,2018-05-04 21:26:08,5502,65015,30642.85,116095.85
1017,2018-05-04 18:51:53,33524,111578,32202.95,120895.55
1018,2018-05-04 18:48:45,20807,88422,33132.3,124609.15
1019,2018-05-04 14:02:11,5090,54184,33157.05,126058.85
1020,2018-05-04 13:40:18,24138,136069,33007.55,126566.55
1021,2018-05-02 06:12:40,25112,107888,31568.15,121039.85
1022,2018-05-02 00:00:39,3126,25313,26173.95,108270.95
1023,2018-05-01 23:57:39,10214,56965,26590.05,110337.9
1024,2018-05-01 23:55:35,13219,62448,26491.3,106239.15
1025,2018-05-01 23:55:20,2692,25032,24554.85,99704.95
1026,2018-05-01 23:27:20,6065,31451,23436.45,95164.15
1027,2018-05-01 16:09:44,6697,28131,21422.6,87269.8
1028,2018-05-01 16:09:11,2710,14353,20731.1,83882.25
1029,2018-05-01 05:49:13,7002,39667,20462.5,82527.8
1030,2018-05-01 00:48:13,44426,151591,22350.95,88170.15
1031,2018-04-30 20:58:22,13769,72405,22658.35,88365.45
1032,2018-04-30 20:57:42,1869,15151,14666.45,70211.65
1033,2018-04-30 20:57:34,5085,34214,14583.35,68630.05
1034,2018-04-30 20:48:15,3843,32581,11839.4,58678.4
1035,2018-04-30 20:29:27,627,5178,11775.85,57881.8
1036,2018-04-30 19:31:04,28283,91108,12914.9,59186.45
1037,2018-04-30 18:53:51,651,6648,11271.25,53939.95
1038,2018-04-30 18:18:13,13126,71091,10887.2,53073.4
1039,2018-04-30 17:57:20,1965,19741,10730.95,51351.25
1040,2018-04-30 17:57:15,1936,21356,9620.85,45615.6
1041,2018-04-30 17:08:11,7218,50435,8726.15,42742.95
1042,2018-04-30 05:07:47,1553,12325,8647.5,42093.55
1043,2018-04-30 02:55:46,1346,12830,8204.1,39886.8
1044,2018-04-29 23:27:00,1180,15612,7602.15,37545.0
1045,2018-04-29 21:08:45,21132,107255,8524.15,41656.15
1046,2018-04-29 21:03:11,22575,108857,9349.65,45526.45
1047,2018-04-29 21:00:13,16300,72897,9829.8,47764.75
1048,2018-04-29 20:57:41,15886,59753,10488.6,50034.75
1049,2018-04-29 20:53:48,5934,31695,10435.2,49636.15
1050,2018-04-29 20:52:50,3506,21174,8389.2,43115.3
1051,2018-04-29 20:52:34,9156,41154,8158.55,41552.75
1052,2018-04-29 20:52:18,24091,95420,9269.65,45566.2
1053,2018-04-29 20:51:30,4879,29048,9259.35,45307.9
1054,2018-04-29 20:48:07,5669,27743,9350.65,45066.0
1055,2018-04-29 20:46:55,7724,35740,9705.5,46594.1
1056,2018-04-29 20:19:55,40530,115755,10317.85,47826.45
1057,2018-04-29 15:19:43,10347,64354,10802.65,50711.75
1058,2018-04-29 06:03:11,33745,112812,11833.6,52797.8
1059,2018-04-29 01:39:03,9622,43594,12216.45,53990.45
1060,2018-04-28 21:06:35,41968,165067,14218.05,61176.0
1061,2018-04-28 20:11:48,92244,246717,18469.35,70990.1
1062,2018-04-28 17:15:54,44318,175823,20607.6,79165.0
1063,2018-04-28 00:25:20,22258,78899,21653.2,82468.45
1064,2018-04-27 17:18:03,13113,96930,22249.85,86534.35
1065,2018-04-27 16:01:05,23403,174968,22363.4,89920.0
1066,2018-04-26 23:17:17,14082,63222,21938.75,87638.25
1067,2018-04-26 22:07:51,37819,117798,23014.7,89883.3
1068,2018-04-26 18:28:38,37643,122421,24102.55,93016.7
1069,2018-04-26 18:25:31,15400,75140,24575.85,95188.95
1070,2018-04-26 17:49:31,13683,57601,25084.7,97010.3
1071,2018-04-26 17:49:10,18771,79400,25565.45,98922.6
1072,2018-04-26 17:28:24,50666,187894,26894.2,103546.3
1073,2018-04-26 17:24:51,5189,29620,26909.7,103574.9
1074,2018-04-26 17:20:53,3021,30823,26777.3,103728.9
1075,2018-04-26 17:18:59,4850,54784,26633.6,104681.1
1076,2018-04-26 17:18:41,5592,39403,24886.7,100863.5
1077,2018-04-26 17:18:35,3062,32860,24522.45,99288.8
1078,2018-04-26 17:01:10,25959,109865,24133.15,99141.45
1079,2018-04-26 16:55:25,11765,95226,24240.3,101723.05
1080,2018-04-26 15:54:46,26330,104275,23458.4,98683.45
1081,2018-04-26 15:27:08,7327,42882,19212.55,88491.7
1082,2018-04-26 15:22:09,8299,45758,17411.6,81988.45
1083,2018-04-26 15:20:05,11857,55503,16891.55,80818.65
1084,2018-04-25 23:13:17,5346,61230,16503.2,79033.65
1085,2018-04-25 22:50:05,1954,27425,15430.75,71656.5
1086,2018-04-25 22:38:00,70064,259896,18229.85,81490.2
1087,2018-04-25 22:37:42,3386,33485,16508.2,77274.55
1088,2018-04-25 22:25:48,1310,16514,14691.55,71979.2
1089,2018-04-25 22:23:09,52664,156576,16554.75,76051.0
1090,2018-04-25 22:22:36,17306,66361,16735.9,76489.0
1091,2018-04-25 21:37:44,22344,118613,16914.55,78449.65
1092,2018-04-25 21:37:35,11155,75448,14939.0,72827.35
1093,2018-04-25 20:54:04,34926,183843,16425.85,80538.5
1094,2018-04-25 20:48:34,3649,38190,16457.25,80906.85
1095,2018-04-25 20:34:01,2310,20294,16330.25,79182.35
1096,2018-04-25 20:24:14,1049,12369,16103.1,77830.65
1097,2018-04-25 20:24:05,1899,24300,16044.95,77402.65
1098,2018-04-25 19:41:13,3326,30813,14913.3,73450.05
1099,2018-04-25 18:58:28,2688,25023,14459.45,69939.9
1100,2018-04-25 18:53:17,3398,35938,13312.85,66523.05
1101,2018-04-25 18:49:27,1167,13432,13004.85,65050.55
1102,2018-04-25 18:35:42,4450,52019,12812.4,65363.6
1103,2018-04-25 17:39:04,59400,192272,15189.55,72202.05
1104,2018-04-25 17:23:13,5746,41499,15209.55,71215.5
1105,2018-04-25 17:20:44,52134,323575,17718.55,86023.0
1106,2018-04-25 17:07:41,1711,17862,14300.9,73921.3
1107,2018-04-25 16:50:45,5778,30341,14420.5,73764.1
1108,2018-04-25 16:50:12,8849,35979,14797.45,74737.35
1109,2018-04-25 16:48:35,5041,25972,12416.3,68207.15
1110,2018-04-25 16:38:10,16431,71120,12372.55,68445.1
1111,2018-04-25 16:37:52,5375,51107,11524.1,65069.8
1112,2018-04-25 16:37:48,8491,50918,11390.9,63843.3
1113,2018-04-25 16:36:38,14879,48200,10388.55,57061.15
1114,2018-04-25 16:32:00,13699,85411,10891.05,59422.2
1115,2018-04-25 16:31:47,10365,52175,11293.8,61016.25
1116,2018-04-25 16:30:52,6170,44176,11549.85,62606.6
1117,2018-04-25 16:30:06,67463,294927,14828.05,76137.95
1118,2018-04-25 16:21:55,23454,89117,15834.45,79053.15
1119,2018-04-25 16:05:27,45375,186670,17968.8,87135.5
1120,2018-04-25 15:59:03,14529,75272,18525.35,89102.2
1121,2018-04-25 15:46:31,65389,206544,21736.45,98757.8
1122,2018-04-25 15:34:48,25227,139840,22775.3,103148.85
1123,2018-04-25 15:27:11,4696,27734,20040.1,94921.95
1124,2018-04-25 15:20:24,3169,23527,19911.25,94023.35
1125,2018-04-25 15:19:37,15729,71598,18091.0,81424.5
1126,2018-04-25 15:12:08,5755,38673,18293.2,82465.05
1127,2018-04-25 15:06:30,9648,65318,18486.7,84213.9
1128,2018-04-25 15:05:52,2907,25682,18189.6,83699.05
1129,2018-04-25 15:03:59,4754,26850,18175.25,83742.95
1130,2018-04-25 15:03:02,5078,29229,17607.6,81648.4
1131,2018-04-25 14:51:20,4170,22222,17547.35,80204.15
1132,2018-04-25 14:50:58,5558,34389,17400.7,79377.7
1133,2018-04-25 14:46:34,9371,45453,17125.3,79240.35
1134,2018-04-25 14:45:55,12677,73361,17074.2,78637.85
1135,2018-04-25 14:45:40,6261,40522,16869.0,78055.2
1136,2018-04-25 14:42:21,4513,26384,16786.15,77165.6
1137,2018-04-25 14:41:56,5717,30724,13698.85,63955.45
1138,2018-04-25 14:39:36,2783,22210,12665.3,60610.1
1139,2018-04-25 14:39:31,6092,46567,10701.15,53604.95
1140,2018-04-25 14:36:14,13660,74412,10657.7,53561.95
1141,2018-04-25 14:32:52,7231,60787,7749.8,46274.1
1142,2018-04-25 14:32:41,2452,23728,6611.05,40468.5
1143,2018-04-25 14:01:28,6239,48547,6688.2,41509.15
1144,2018-04-25 14:01:05,49755,226033,9017.5,51634.45
1145,2018-04-25 03:55:37,41756,108803,10318.85,53494.7
1146,2018-04-25 03:33:33,28486,138243,11455.4,58473.2
1147,2018-04-24 16:15:06,45302,167406,13238.1,63577.6
1148,2018-04-24 15:13:22,42787,132183,15232.1,68902.65
1149,2018-04-24 15:05:11,6853,41537,15337.05,69637.0
1150,2018-04-24 05:20:34,64591,233430,18312.7,79847.05
1151,2018-04-24 00:18:35,14868,61835,18847.6,81827.7
1152,2018-04-24 00:11:53,20939,90030,19616.65,84609.75
1153,2018-04-23 22:16:14,102889,269831,24292.55,95828.65
1154,2018-04-23 17:35:31,3065,30563,23811.95,93688.75
1155,2018-04-23 17:02:02,13364,63210,24167.1,94823.15
1156,2018-04-23 16:55:34,42081,219476,26045.5,104477.75
1157,2018-04-23 16:35:19,15714,126137,26545.35,109248.4
1158,2018-04-23 16:34:57,18103,79746,27311.35,112125.2
1159,2018-04-23 14:54:17,7950,47626,27404.25,112178.15
1160,2018-04-23 02:20:18,4612,59464,26951.85,111430.75
1161,2018-04-23 02:17:06,12574,74196,27219.0,112101.2
1162,2018-04-23 02:14:53,2741,31536,27233.45,112491.6
1163,2018-04-23 02:13:13,23397,218281,28091.35,120978.3
1164,2018-04-22 23:33:43,42839,151412,27745.55,117247.25
1165,2018-04-22 23:33:19,29727,128400,27144.1,118227.1
1166,2018-04-22 21:22:17,47850,113658,28112.3,116997.85
1167,2018-04-22 21:20:04,4545,27807,26074.45,110017.9
1168,2018-04-22 18:53:48,64679,199181,27169.05,113367.8
1169,2018-04-22 18:52:56,15292,65963,27591.0,114589.1
1170,2018-04-22 18:47:19,9370,42034,24829.95,105019.3
1171,2018-04-22 18:45:14,68924,189903,27532.75,111422.7
1172,2018-04-22 18:44:48,110551,277785,32013.35,120810.45
1173,2018-04-22 18:30:37,14016,62474,27569.7,110442.6
1174,2018-04-22 18:30:08,26848,108078,28758.85,114318.35
1175,2018-04-22 18:29:40,16040,63845,28892.65,114350.1
1176,2018-04-22 18:26:09,3435,21643,26960.35,104458.45
1177,2018-04-22 18:25:48,3190,21806,26334.15,99241.9
1178,2018-04-22 17:02:50,5417,32146,25699.85,96861.9
1179,2018-04-22 14:03:30,57284,163059,28166.55,102633.55
1180,2018-04-21 16:57:17,11396,56497,28505.75,102485.2
1181,2018-04-21 16:22:40,89160,214401,32335.05,109495.45
1182,2018-04-21 16:21:11,49516,136938,34673.8,114765.55
1183,2018-04-21 14:48:54,54052,138580,36206.55,110780.5
1184,2018-04-21 14:29:35,17650,85526,34947.1,107486.2
1185,2018-04-21 14:23:08,12174,54744,34069.45,103803.4
1186,2018-04-21 14:15:36,17591,77167,32556.5,101978.85
1187,2018-04-20 20:07:34,9434,48314,32800.95,103004.2
1188,2018-04-20 20:06:41,5597,56512,29846.85,95870.75
1189,2018-04-20 20:01:00,50984,181585,31631.45,101651.85
1190,2018-04-20 19:46:46,9026,40051,31614.25,101552.7
1191,2018-04-20 19:32:54,24750,99132,29405.55,97014.15
1192,2018-04-20 19:24:41,4354,25791,24095.7,84414.45
1193,2018-04-20 19:24:30,7645,41032,23777.15,83342.35
1194,2018-04-20 19:24:18,6826,31949,22776.05,79535.9
1195,2018-04-20 19:23:30,5424,31979,22245.25,77942.6
1196,2018-04-20 18:34:01,93081,217362,26727.55,87728.55
1197,2018-04-20 17:28:56,3711,31386,26753.6,88207.55
1198,2018-04-20 17:27:38,9024,47973,26933.95,88998.9
1199,2018-04-20 17:23:28,1895,16505,24164.5,81671.2
1200,2018-04-19 22:44:10,44939,124028,25841.65,85047.75
1201,2018-04-19 20:45:13,30346,114611,22900.95,80058.25
1202,2018-04-19 20:44:33,16247,72537,21237.5,76838.2
1203,2018-04-19 19:35:10,45784,163946,20824.1,78106.5
1204,2018-04-19 19:32:32,205200,474432,30201.6,97551.8
1205,2018-04-19 19:26:58,90484,231912,34117.1,106410.2
1206,2018-04-19 19:25:13,78551,259370,37165.1,115520.35
1207,2018-04-19 17:22:16,31478,103989,38267.3,118304.1
1208,2018-04-19 14:46:58,15143,70066,38744.6,118981.8
1209,2018-04-19 14:36:02,52892,168477,38840.0,118326.4
1210,2018-04-19 00:12:05,198597,465394,48318.55,139593.55
1211,2018-04-19 00:02:14,30894,143423,48625.75,141808.1
1212,2018-04-18 19:26:04,144417,312221,55628.9,156129.6
1213,2018-04-18 16:45:52,19257,98777,56209.5,159016.85
1214,2018-04-18 16:42:54,16282,109358,56682.3,162887.3
1215,2018-04-18 16:22:29,19581,103018,57390.15,166439.25
1216,2018-04-18 16:18:53,24495,108140,53960.85,160978.15
1217,2018-04-18 15:36:55,14455,64641,54498.05,162640.9
1218,2018-04-18 15:36:51,115690,288703,59831.35,174677.4
1219,2018-04-18 15:24:48,10775,53968,60275.35,176550.55
1220,2018-04-18 15:21:44,9264,64016,58491.6,173549.95
1221,2018-04-18 15:20:54,12229,85494,57585.75,172094.1
1222,2018-04-18 15:20:22,7208,37182,57133.8,170326.35
1223,2018-04-18 15:20:16,9410,45152,55315.1,164386.65
1224,2018-04-18 15:17:01,108374,221688,50473.8,151749.45
1225,2018-04-18 15:16:25,8218,38896,46360.5,142098.65
1226,2018-04-18 15:16:11,60361,187583,45451.0,138509.3
1227,2018-04-18 15:14:54,55031,157429,46628.65,141181.3
1228,2018-04-18 15:03:19,74306,214579,49586.8,148406.95
1229,2018-04-18 15:03:03,80568,315092,50970.6,155737.7
1230,2018-04-18 00:13:26,29326,119829,42507.05,138459.45
1231,2018-04-17 18:59:27,101174,255879,46021.05,144082.25
1232,2018-04-17 18:56:47,41857,131890,40893.05,135065.7
1233,2018-04-17 18:53:28,86613,218958,44260.85,141074.75
1234,2018-04-17 18:01:05,102423,235377,48567.9,147375.7
1235,2018-04-17 18:00:42,84380,190930,51807.85,151771.3
1236,2018-04-17 17:58:19,32833,124646,52224.75,152596.6
1237,2018-04-17 17:55:42,62491,189508,54626.55,158839.95
1238,2018-04-17 17:55:27,50439,152704,51364.0,152040.0
1239,2018-04-16 00:11:37,64615,221084,54056.0,160395.8
1240,2018-04-16 00:11:09,50073,158237,56096.45,165106.85
1241,2018-04-14 03:05:43,4877,0,55728.85,160832.15
1242,2014-08-18 22:13:09,11073,0,55922.1,158973.05
